a66_id	main_id	ra	dec	otype	identifier
"PN A66    1"	"PN A66    1"	3.229166666666667	69.17333333333333	"PN"	"PK 119+06  1"
"PN A66    1"	"PN A66    1"	3.229166666666667	69.17333333333333	"PN"	"PN A55    1"
"PN A66    1"	"PN A66    1"	3.229166666666667	69.17333333333333	"PN"	"PN A66    1"
"PN A66    1"	"PN A66    1"	3.229166666666667	69.17333333333333	"PN"	"PN ARO  198"
"PN A66    1"	"PN A66    1"	3.229166666666667	69.17333333333333	"PN"	"PN G119.4+06.5"
"PN A66    1"	"PN A66    1"	3.229166666666667	69.17333333333333	"PN"	"PN VV'    2"
"PN A66   10"	"PN K  1-7"	82.939575	6.933772222222222	"PN"	"GSC2 N300330312906"
"PN A66   10"	"PN K  1-7"	82.939575	6.933772222222222	"PN"	"PK 197-14  1"
"PN A66   10"	"PN K  1-7"	82.939575	6.933772222222222	"PN"	"PN A66   10"
"PN A66   10"	"PN K  1-7"	82.939575	6.933772222222222	"PN"	"PN ARO  176"
"PN A66   10"	"PN K  1-7"	82.939575	6.933772222222222	"PN"	"PN G197.2-14.2"
"PN A66   10"	"PN K  1-7"	82.939575	6.933772222222222	"PN"	"PN K  1-7"
"PN A66   10"	"PN K  1-7"	82.939575	6.933772222222222	"PN"	"SCM   5"
"PN A66   11"	"PN A66   11"	84.33986234255	8.258134763910002	"G"	"2MASS J05372156+0815293"
"PN A66   11"	"PN A66   11"	84.33986234255	8.258134763910002	"G"	"2MASX J05372154+0815290"
"PN A66   11"	"PN A66   11"	84.33986234255	8.258134763910002	"G"	"Gaia DR2 3334489914285983616"
"PN A66   11"	"PN A66   11"	84.33986234255	8.258134763910002	"G"	"Gaia DR3 3334489914285983616"
"PN A66   11"	"PN A66   11"	84.33986234255	8.258134763910002	"G"	"PK 196-12  1"
"PN A66   11"	"PN A66   11"	84.33986234255	8.258134763910002	"G"	"PN A66   11"
"PN A66   11"	"PN A66   11"	84.33986234255	8.258134763910002	"G"	"PN ARO  217"
"PN A66   11"	"PN A66   11"	84.33986234255	8.258134763910002	"G"	"TIC 436335735"
"PN A66   11"	"PN A66   11"	84.33986234255	8.258134763910002	"G"	"WISEA J053721.57+081529.1"
"PN A66   11"	"PN A66   11"	84.33986234255	8.258134763910002	"G"	"WISE J053721.57+081529.1"
"PN A66   12"	"PN A66   12"	90.58352083333334	9.65391388888889	"PN"	"IRAS 05595+0939"
"PN A66   12"	"PN A66   12"	90.58352083333334	9.65391388888889	"PN"	"PK 198-06  1"
"PN A66   12"	"PN A66   12"	90.58352083333334	9.65391388888889	"PN"	"PN A66   12"
"PN A66   12"	"PN A66   12"	90.58352083333334	9.65391388888889	"PN"	"PN ARO  220"
"PN A66   12"	"PN A66   12"	90.58352083333334	9.65391388888889	"PN"	"PN G198.6-06.3"
"PN A66   12"	"PN A66   12"	90.58352083333334	9.65391388888889	"PN"	"PSCz P05595+0939"
"PN A66   12"	"PN A66   12"	90.58352083333334	9.65391388888889	"PN"	"SCM   8"
"PN A66   13"	"PN A66   13"	91.19956666666667	3.943266666666667	"PN"	"CSI+03-06022"
"PN A66   13"	"PN A66   13"	91.19956666666667	3.943266666666667	"PN"	"GEN# +6.20056013"
"PN A66   13"	"PN A66   13"	91.19956666666667	3.943266666666667	"PN"	"GSC2 N220002316027"
"PN A66   13"	"PN A66   13"	91.19956666666667	3.943266666666667	"PN"	"PK 204-08  1"
"PN A66   13"	"PN A66   13"	91.19956666666667	3.943266666666667	"PN"	"PN A55    9"
"PN A66   13"	"PN A66   13"	91.19956666666667	3.943266666666667	"PN"	"PN A66   13"
"PN A66   13"	"PN A66   13"	91.19956666666667	3.943266666666667	"PN"	"PN ARO  124"
"PN A66   13"	"PN A66   13"	91.19956666666667	3.943266666666667	"PN"	"PN G204.0-08.5"
"PN A66   13"	"PN A66   13"	91.19956666666667	3.943266666666667	"PN"	"PN VV'   38"
"PN A66   13"	"PN A66   13"	91.19956666666667	3.943266666666667	"PN"	"PN YM   28"
"PN A66   13"	"PN A66   13"	91.19956666666667	3.943266666666667	"PN"	"UBV    6150"
"PN A66   13"	"PN A66   13"	91.19956666666667	3.943266666666667	"PN"	"UBV M  44654"
"PN A66   14"	"PN A66   14"	92.78606958434	11.77884012754	"PN"	"2MASS J06110865+1146438"
"PN A66   14"	"PN A66   14"	92.78606958434	11.77884012754	"PN"	"CSI+11-06084"
"PN A66   14"	"PN A66   14"	92.78606958434	11.77884012754	"PN"	"Gaia DR2 3330404266518636416"
"PN A66   14"	"PN A66   14"	92.78606958434	11.77884012754	"PN"	"Gaia DR3 3330404266518636416"
"PN A66   14"	"PN A66   14"	92.78606958434	11.77884012754	"PN"	"GEN# +6.20056014"
"PN A66   14"	"PN A66   14"	92.78606958434	11.77884012754	"PN"	"GSC2 N22021322933"
"PN A66   14"	"PN A66   14"	92.78606958434	11.77884012754	"PN"	"PK 197-03  1"
"PN A66   14"	"PN A66   14"	92.78606958434	11.77884012754	"PN"	"PN A55   10"
"PN A66   14"	"PN A66   14"	92.78606958434	11.77884012754	"PN"	"PN A66   14"
"PN A66   14"	"PN A66   14"	92.78606958434	11.77884012754	"PN"	"PN ARO  125"
"PN A66   14"	"PN A66   14"	92.78606958434	11.77884012754	"PN"	"PN G197.8-03.3"
"PN A66   14"	"PN A66   14"	92.78606958434	11.77884012754	"PN"	"PN VV'   39"
"PN A66   14"	"PN A66   14"	92.78606958434	11.77884012754	"PN"	"SCM  10"
"PN A66   14"	"PN A66   14"	92.78606958434	11.77884012754	"PN"	"TIC 166922698"
"PN A66   14"	"PN A66   14"	92.78606958434	11.77884012754	"PN"	"UBV    6225"
"PN A66   14"	"PN A66   14"	92.78606958434	11.77884012754	"PN"	"UBV M  44655"
"PN A66   15"	"PN A66   15"	96.75849339642	-25.38047222257	"PN"	"1SWASP J062702.01-252249.7"
"PN A66   15"	"PN A66   15"	96.75849339642	-25.38047222257	"PN"	"AM 0625-252"
"PN A66   15"	"PN A66   15"	96.75849339642	-25.38047222257	"PN"	"CSI-25-06250"
"PN A66   15"	"PN A66   15"	96.75849339642	-25.38047222257	"PN"	"EGGR 903"
"PN A66   15"	"PN A66   15"	96.75849339642	-25.38047222257	"PN"	"ESO 490-1"
"PN A66   15"	"PN A66   15"	96.75849339642	-25.38047222257	"PN"	"Gaia DR2 2924036760440812160"
"PN A66   15"	"PN A66   15"	96.75849339642	-25.38047222257	"PN"	"Gaia DR3 2924036760440812160"
"PN A66   15"	"PN A66   15"	96.75849339642	-25.38047222257	"PN"	"GEN# +6.20056015"
"PN A66   15"	"PN A66   15"	96.75849339642	-25.38047222257	"PN"	"GSC2 S1012211487"
"PN A66   15"	"PN A66   15"	96.75849339642	-25.38047222257	"PN"	"IRAS 06249-2520"
"PN A66   15"	"PN A66   15"	96.75849339642	-25.38047222257	"PN"	"IRAS F06249-2520"
"PN A66   15"	"PN A66   15"	96.75849339642	-25.38047222257	"PN"	"PK 233-16  1"
"PN A66   15"	"PN A66   15"	96.75849339642	-25.38047222257	"PN"	"PN A66   15"
"PN A66   15"	"PN A66   15"	96.75849339642	-25.38047222257	"PN"	"PN ARO  221"
"PN A66   15"	"PN A66   15"	96.75849339642	-25.38047222257	"PN"	"PN G233.5-16.3"
"PN A66   15"	"PN A66   15"	96.75849339642	-25.38047222257	"PN"	"SCM  14"
"PN A66   15"	"PN A66   15"	96.75849339642	-25.38047222257	"PN"	"TIC 471013573"
"PN A66   15"	"PN A66   15"	96.75849339642	-25.38047222257	"PN"	"UBV    6450"
"PN A66   15"	"PN A66   15"	96.75849339642	-25.38047222257	"PN"	"UBV M  44656"
"PN A66   15"	"PN A66   15"	96.75849339642	-25.38047222257	"PN"	"WD 0625-25"
"PN A66   15"	"PN A66   15"	96.75849339642	-25.38047222257	"PN"	"WD 0625-253"
"PN A66   16"	"PN A66   16"	100.98090868597	61.79018253695	"PN"	"Gaia DR2 1004051581576523008"
"PN A66   16"	"PN A66   16"	100.98090868597	61.79018253695	"PN"	"Gaia DR3 1004051581576523008"
"PN A66   16"	"PN A66   16"	100.98090868597	61.79018253695	"PN"	"GSC2 N21123037383"
"PN A66   16"	"PN A66   16"	100.98090868597	61.79018253695	"PN"	"PK 153+22  1"
"PN A66   16"	"PN A66   16"	100.98090868597	61.79018253695	"PN"	"PN A55   11"
"PN A66   16"	"PN A66   16"	100.98090868597	61.79018253695	"PN"	"PN A66   16"
"PN A66   16"	"PN A66   16"	100.98090868597	61.79018253695	"PN"	"PN ARO  222"
"PN A66   16"	"PN A66   16"	100.98090868597	61.79018253695	"PN"	"PN G153.7+22.8"
"PN A66   16"	"PN A66   16"	100.98090868597	61.79018253695	"PN"	"PN VV'   47"
"PN A66   16"	"PN A66   16"	100.98090868597	61.79018253695	"PN"	"PSO J100.9809+61.7901"
"PN A66   16"	"PN A66   16"	100.98090868597	61.79018253695	"PN"	"TIC 743126044"
"PN A66   17"	"PN A66   17"	102.15839648271	-9.5440968699	"PN?"	"2MASS J06483801-0932388"
"PN A66   17"	"PN A66   17"	102.15839648271	-9.5440968699	"PN?"	"Gaia DR2 3050403941063998976"
"PN A66   17"	"PN A66   17"	102.15839648271	-9.5440968699	"PN?"	"Gaia DR3 3050403941063998976"
"PN A66   17"	"PN A66   17"	102.15839648271	-9.5440968699	"PN?"	"PK 221-04  1"
"PN A66   17"	"PN A66   17"	102.15839648271	-9.5440968699	"PN?"	"PN A55   12"
"PN A66   17"	"PN A66   17"	102.15839648271	-9.5440968699	"PN?"	"PN A66   17"
"PN A66   17"	"PN A66   17"	102.15839648271	-9.5440968699	"PN?"	"PN ARO  223"
"PN A66   17"	"PN A66   17"	102.15839648271	-9.5440968699	"PN?"	"PN VV'   48"
"PN A66   17"	"PN A66   17"	102.15839648271	-9.5440968699	"PN?"	"SCM  16"
"PN A66   17"	"PN A66   17"	102.15839648271	-9.5440968699	"PN?"	"TIC 120538768"
"PN A66   18"	"PN A66   18"	104.06107916666667	-2.8855027777777775	"PN"	"PK 216-00  1"
"PN A66   18"	"PN A66   18"	104.06107916666667	-2.8855027777777775	"PN"	"PN A55   13"
"PN A66   18"	"PN A66   18"	104.06107916666667	-2.8855027777777775	"PN"	"PN A66   18"
"PN A66   18"	"PN A66   18"	104.06107916666667	-2.8855027777777775	"PN"	"PN ARO  224"
"PN A66   18"	"PN A66   18"	104.06107916666667	-2.8855027777777775	"PN"	"PN G216.0-00.2"
"PN A66   18"	"PN A66   18"	104.06107916666667	-2.8855027777777775	"PN"	"PN VV'   50"
"PN A66   19"	"PN A66   19"	104.98511666666667	14.609436111111112	"PN"	"PK 200+08  1"
"PN A66   19"	"PN A66   19"	104.98511666666667	14.609436111111112	"PN"	"PN A55   14"
"PN A66   19"	"PN A66   19"	104.98511666666667	14.609436111111112	"PN"	"PN A66   19"
"PN A66   19"	"PN A66   19"	104.98511666666667	14.609436111111112	"PN"	"PN ARO  130"
"PN A66   19"	"PN A66   19"	104.98511666666667	14.609436111111112	"PN"	"PN G200.7+08.4"
"PN A66   19"	"PN A66   19"	104.98511666666667	14.609436111111112	"PN"	"PN VV'   51"
"PN A66    2"	"PN A66    2"	11.394491666666667	57.9596888888889	"PN"	"GALEX J004534.6+575732"
"PN A66    2"	"PN A66    2"	11.394491666666667	57.9596888888889	"PN"	"GALEX J004534.8+575735"
"PN A66    2"	"PN A66    2"	11.394491666666667	57.9596888888889	"PN"	"GSC2 N311312254909"
"PN A66    2"	"PN A66    2"	11.394491666666667	57.9596888888889	"PN"	"IRAS 00426+5741"
"PN A66    2"	"PN A66    2"	11.394491666666667	57.9596888888889	"PN"	"PK 122-04  1"
"PN A66    2"	"PN A66    2"	11.394491666666667	57.9596888888889	"PN"	"PN A55    2"
"PN A66    2"	"PN A66    2"	11.394491666666667	57.9596888888889	"PN"	"PN A66    2"
"PN A66    2"	"PN A66    2"	11.394491666666667	57.9596888888889	"PN"	"PN ARO  202"
"PN A66    2"	"PN A66    2"	11.394491666666667	57.9596888888889	"PN"	"PN G122.1-04.9"
"PN A66    2"	"PN A66    2"	11.394491666666667	57.9596888888889	"PN"	"PN VV'    6"
"PN A66    2"	"PN A66    2"	11.394491666666667	57.9596888888889	"PN"	"PSCz P00426+5741"
"PN A66   20"	"PN A66   20"	110.74030435369	1.7594284733799996	"PN"	"CSI+01-07204"
"PN A66   20"	"PN A66   20"	110.74030435369	1.7594284733799996	"PN"	"Gaia DR2 3135710272253699584"
"PN A66   20"	"PN A66   20"	110.74030435369	1.7594284733799996	"PN"	"Gaia DR3 3135710272253699584"
"PN A66   20"	"PN A66   20"	110.74030435369	1.7594284733799996	"PN"	"GEN# +6.20056020"
"PN A66   20"	"PN A66   20"	110.74030435369	1.7594284733799996	"PN"	"GSC2 N220100127413"
"PN A66   20"	"PN A66   20"	110.74030435369	1.7594284733799996	"PN"	"IRAS 07203+0151"
"PN A66   20"	"PN A66   20"	110.74030435369	1.7594284733799996	"PN"	"PK 214+07  1"
"PN A66   20"	"PN A66   20"	110.74030435369	1.7594284733799996	"PN"	"PN A55   15"
"PN A66   20"	"PN A66   20"	110.74030435369	1.7594284733799996	"PN"	"PN A66   20"
"PN A66   20"	"PN A66   20"	110.74030435369	1.7594284733799996	"PN"	"PN ARO  132"
"PN A66   20"	"PN A66   20"	110.74030435369	1.7594284733799996	"PN"	"PN G214.9+07.8"
"PN A66   20"	"PN A66   20"	110.74030435369	1.7594284733799996	"PN"	"PN VV'   60"
"PN A66   20"	"PN A66   20"	110.74030435369	1.7594284733799996	"PN"	"RL 148"
"PN A66   20"	"PN A66   20"	110.74030435369	1.7594284733799996	"PN"	"SCM  24"
"PN A66   20"	"PN A66   20"	110.74030435369	1.7594284733799996	"PN"	"UBV    7149"
"PN A66   20"	"PN A66   20"	110.74030435369	1.7594284733799996	"PN"	"UBV M  44657"
"PN A66   21"	"PN A66   21"	112.26129027258001	13.24682987644	"PN"	"2MASS J07290269+1314483"
"PN A66   21"	"PN A66   21"	112.26129027258001	13.24682987644	"PN"	"CSI+13-07262"
"PN A66   21"	"PN A66   21"	112.26129027258001	13.24682987644	"PN"	"Gaia DR2 3163546505053645056"
"PN A66   21"	"PN A66   21"	112.26129027258001	13.24682987644	"PN"	"Gaia DR3 3163546505053645056"
"PN A66   21"	"PN A66   21"	112.26129027258001	13.24682987644	"PN"	"GEN# +6.20056021"
"PN A66   21"	"PN A66   21"	112.26129027258001	13.24682987644	"PN"	"NAME Medusa Nebula"
"PN A66   21"	"PN A66   21"	112.26129027258001	13.24682987644	"PN"	"PK 205+14  1"
"PN A66   21"	"PN A66   21"	112.26129027258001	13.24682987644	"PN"	"PN A55   16"
"PN A66   21"	"PN A66   21"	112.26129027258001	13.24682987644	"PN"	"PN A66   21"
"PN A66   21"	"PN A66   21"	112.26129027258001	13.24682987644	"PN"	"PN ARO  388"
"PN A66   21"	"PN A66   21"	112.26129027258001	13.24682987644	"PN"	"PN G205.1+14.2"
"PN A66   21"	"PN A66   21"	112.26129027258001	13.24682987644	"PN"	"PN YM   29"
"PN A66   21"	"PN A66   21"	112.26129027258001	13.24682987644	"PN"	"SH  2-274"
"PN A66   21"	"PN A66   21"	112.26129027258001	13.24682987644	"PN"	"TIC 247056967"
"PN A66   21"	"PN A66   21"	112.26129027258001	13.24682987644	"PN"	"UBV    7228"
"PN A66   21"	"PN A66   21"	112.26129027258001	13.24682987644	"PN"	"UBV M  44658"
"PN A66   21"	"PN A66   21"	112.26129027258001	13.24682987644	"PN"	"WD 0726+133"
"PN A66   22"	"PN K  1-11"	114.03299165266002	2.7076511075900007	"PN"	"CSI+02-07335"
"PN A66   22"	"PN K  1-11"	114.03299165266002	2.7076511075900007	"PN"	"DDO  45"
"PN A66   22"	"PN K  1-11"	114.03299165266002	2.7076511075900007	"PN"	"ESDO 774-04"
"PN A66   22"	"PN K  1-11"	114.03299165266002	2.7076511075900007	"PN"	"Gaia DR2 3135504732298169600"
"PN A66   22"	"PN K  1-11"	114.03299165266002	2.7076511075900007	"PN"	"Gaia DR3 3135504732298169600"
"PN A66   22"	"PN K  1-11"	114.03299165266002	2.7076511075900007	"PN"	"GEN# +6.20056022"
"PN A66   22"	"PN K  1-11"	114.03299165266002	2.7076511075900007	"PN"	"GSC2 N221203123885"
"PN A66   22"	"PN K  1-11"	114.03299165266002	2.7076511075900007	"PN"	"PK 215+11  1"
"PN A66   22"	"PN K  1-11"	114.03299165266002	2.7076511075900007	"PN"	"PN A66   22"
"PN A66   22"	"PN K  1-11"	114.03299165266002	2.7076511075900007	"PN"	"PN ARO  133"
"PN A66   22"	"PN K  1-11"	114.03299165266002	2.7076511075900007	"PN"	"PN G215.6+11.1"
"PN A66   22"	"PN K  1-11"	114.03299165266002	2.7076511075900007	"PN"	"PN K  1-11"
"PN A66   22"	"PN K  1-11"	114.03299165266002	2.7076511075900007	"PN"	"UBV    7306"
"PN A66   22"	"PN K  1-11"	114.03299165266002	2.7076511075900007	"PN"	"UBV M  44659"
"PN A66   22"	"PN K  1-11"	114.03299165266002	2.7076511075900007	"PN"	"UGCA 134"
"PN A66   22"	"PN K  1-11"	114.03299165266002	2.7076511075900007	"PN"	"USNO-B1.0 0927-00184223"
"PN A66   23"	"PN A66   23"	115.82493333333333	-34.75434444444445	"PN"	"AKARI-FIS-V1 J0743178-344517"
"PN A66   23"	"PN A66   23"	115.82493333333333	-34.75434444444445	"PN"	"ESO 368-10"
"PN A66   23"	"PN A66   23"	115.82493333333333	-34.75434444444445	"PN"	"GSC2 S132230181087"
"PN A66   23"	"PN A66   23"	115.82493333333333	-34.75434444444445	"PN"	"PK 249-05  1"
"PN A66   23"	"PN A66   23"	115.82493333333333	-34.75434444444445	"PN"	"PN A66   23"
"PN A66   23"	"PN A66   23"	115.82493333333333	-34.75434444444445	"PN"	"PN ARO  542"
"PN A66   23"	"PN A66   23"	115.82493333333333	-34.75434444444445	"PN"	"PN G249.3-05.4"
"PN A66   23"	"PN A66   23"	115.82493333333333	-34.75434444444445	"PN"	"WISE J074317.78-344518.8"
"PN A66   24"	"PN A66   24"	117.90647315719	3.0058769117800006	"PN"	"CSI+03-07491"
"PN A66   24"	"PN A66   24"	117.90647315719	3.0058769117800006	"PN"	"Gaia DR2 3088991026757468800"
"PN A66   24"	"PN A66   24"	117.90647315719	3.0058769117800006	"PN"	"Gaia DR3 3088991026757468800"
"PN A66   24"	"PN A66   24"	117.90647315719	3.0058769117800006	"PN"	"GEN# +6.20056024"
"PN A66   24"	"PN A66   24"	117.90647315719	3.0058769117800006	"PN"	"GSC2 N221232118974"
"PN A66   24"	"PN A66   24"	117.90647315719	3.0058769117800006	"PN"	"PK 217+14  1"
"PN A66   24"	"PN A66   24"	117.90647315719	3.0058769117800006	"PN"	"PN A55   17"
"PN A66   24"	"PN A66   24"	117.90647315719	3.0058769117800006	"PN"	"PN A66   24"
"PN A66   24"	"PN A66   24"	117.90647315719	3.0058769117800006	"PN"	"PN ARO  134"
"PN A66   24"	"PN A66   24"	117.90647315719	3.0058769117800006	"PN"	"PN G217.1+14.7"
"PN A66   24"	"PN A66   24"	117.90647315719	3.0058769117800006	"PN"	"PN VV'   73"
"PN A66   24"	"PN A66   24"	117.90647315719	3.0058769117800006	"PN"	"PSO J117.9064+03.0058"
"PN A66   24"	"PN A66   24"	117.90647315719	3.0058769117800006	"PN"	"TIC 755446619"
"PN A66   24"	"PN A66   24"	117.90647315719	3.0058769117800006	"PN"	"UBV    7572"
"PN A66   24"	"PN A66   24"	117.90647315719	3.0058769117800006	"PN"	"UBV M  44660"
"PN A66   25"	"PN K  1-13"	121.6937546267	-2.876439274	"PN"	"CSI-02-08042"
"PN A66   25"	"PN K  1-13"	121.6937546267	-2.876439274	"PN"	"Gaia DR2 3070613063558890240"
"PN A66   25"	"PN K  1-13"	121.6937546267	-2.876439274	"PN"	"Gaia DR3 3070613063558890240"
"PN A66   25"	"PN K  1-13"	121.6937546267	-2.876439274	"PN"	"GEN# +6.20056025"
"PN A66   25"	"PN K  1-13"	121.6937546267	-2.876439274	"PN"	"GSC2 S10232013800"
"PN A66   25"	"PN K  1-13"	121.6937546267	-2.876439274	"PN"	"GSC2 S10232013839"
"PN A66   25"	"PN K  1-13"	121.6937546267	-2.876439274	"PN"	"PK 224+15"
"PN A66   25"	"PN K  1-13"	121.6937546267	-2.876439274	"PN"	"PK 224+15  1"
"PN A66   25"	"PN K  1-13"	121.6937546267	-2.876439274	"PN"	"PN A66   25"
"PN A66   25"	"PN K  1-13"	121.6937546267	-2.876439274	"PN"	"PN ARO  246"
"PN A66   25"	"PN K  1-13"	121.6937546267	-2.876439274	"PN"	"PN G224.3+15.3"
"PN A66   25"	"PN K  1-13"	121.6937546267	-2.876439274	"PN"	"PN K  1-13"
"PN A66   25"	"PN K  1-13"	121.6937546267	-2.876439274	"PN"	"UBV    7761"
"PN A66   25"	"PN K  1-13"	121.6937546267	-2.876439274	"PN"	"UBV M  44661"
"PN A66   26"	"PN A66   26"	122.25685	-32.673586111111106	"PN"	"ESO 369-5"
"PN A66   26"	"PN A66   26"	122.25685	-32.673586111111106	"PN"	"GEN# +6.20056026"
"PN A66   26"	"PN A66   26"	122.25685	-32.673586111111106	"PN"	"IRAS 08070-3231"
"PN A66   26"	"PN A66   26"	122.25685	-32.673586111111106	"PN"	"PK 250+00  1"
"PN A66   26"	"PN A66   26"	122.25685	-32.673586111111106	"PN"	"PN A66   26"
"PN A66   26"	"PN A66   26"	122.25685	-32.673586111111106	"PN"	"PN ARO  545"
"PN A66   26"	"PN A66   26"	122.25685	-32.673586111111106	"PN"	"PN G250.3+00.1"
"PN A66   27"	"PN K  1-1"	127.96930416666666	-32.10241388888889	"PN"	"ESO 431-14"
"PN A66   27"	"PN K  1-1"	127.96930416666666	-32.10241388888889	"PN"	"PK 252+04  1"
"PN A66   27"	"PN K  1-1"	127.96930416666666	-32.10241388888889	"PN"	"PN A66   27"
"PN A66   27"	"PN K  1-1"	127.96930416666666	-32.10241388888889	"PN"	"PN G252.6+04.4"
"PN A66   27"	"PN K  1-1"	127.96930416666666	-32.10241388888889	"PN"	"PN K  1-1"
"PN A66   27"	"PN K  1-1"	127.96930416666666	-32.10241388888889	"PN"	"SCM  39"
"PN A66   28"	"PN A66   28"	130.39814568511	58.23010684998	"PN"	"AG82 105"
"PN A66   28"	"PN A66   28"	130.39814568511	58.23010684998	"PN"	"Gaia DR2 1040417211407001984"
"PN A66   28"	"PN A66   28"	130.39814568511	58.23010684998	"PN"	"Gaia DR3 1040417211407001984"
"PN A66   28"	"PN A66   28"	130.39814568511	58.23010684998	"PN"	"GSC2 N2130023616"
"PN A66   28"	"PN A66   28"	130.39814568511	58.23010684998	"PN"	"LAMOST J084135.56+581348.3"
"PN A66   28"	"PN A66   28"	130.39814568511	58.23010684998	"PN"	"PK 158+37"
"PN A66   28"	"PN A66   28"	130.39814568511	58.23010684998	"PN"	"PK 158+37  1"
"PN A66   28"	"PN A66   28"	130.39814568511	58.23010684998	"PN"	"PN A55   18"
"PN A66   28"	"PN A66   28"	130.39814568511	58.23010684998	"PN"	"PN A66   28"
"PN A66   28"	"PN A66   28"	130.39814568511	58.23010684998	"PN"	"PN G158.8+37.1"
"PN A66   28"	"PN A66   28"	130.39814568511	58.23010684998	"PN"	"PN VV'   78"
"PN A66   28"	"PN A66   28"	130.39814568511	58.23010684998	"PN"	"SDSS J084135.55+581348.3"
"PN A66   28"	"PN A66   28"	130.39814568511	58.23010684998	"PN"	"SDSS J084135.56+581348.3"
"PN A66   28"	"PN A66   28"	130.39814568511	58.23010684998	"PN"	"SDSS J084135.57+581348.4"
"PN A66   28"	"PN A66   28"	130.39814568511	58.23010684998	"PN"	"TIC 471015303"
"PN A66   28"	"PN A66   28"	130.39814568511	58.23010684998	"PN"	"TIC 802376336"
"PN A66   29"	"PN A66   29"	130.07884024198	-20.91017085962	"PN"	"CSI-20-08380"
"PN A66   29"	"PN A66   29"	130.07884024198	-20.91017085962	"PN"	"ESO 563-9"
"PN A66   29"	"PN A66   29"	130.07884024198	-20.91017085962	"PN"	"Gaia DR2 5703415268543295744"
"PN A66   29"	"PN A66   29"	130.07884024198	-20.91017085962	"PN"	"Gaia DR3 5703415268543295744"
"PN A66   29"	"PN A66   29"	130.07884024198	-20.91017085962	"PN"	"GEN# +6.20056029"
"PN A66   29"	"PN A66   29"	130.07884024198	-20.91017085962	"PN"	"GSC2 S131111318841"
"PN A66   29"	"PN A66   29"	130.07884024198	-20.91017085962	"PN"	"PK 244+12  1"
"PN A66   29"	"PN A66   29"	130.07884024198	-20.91017085962	"PN"	"PN A55   19"
"PN A66   29"	"PN A66   29"	130.07884024198	-20.91017085962	"PN"	"PN A66   29"
"PN A66   29"	"PN A66   29"	130.07884024198	-20.91017085962	"PN"	"PN G244.5+12.5"
"PN A66   29"	"PN A66   29"	130.07884024198	-20.91017085962	"PN"	"PN VV'   79"
"PN A66   29"	"PN A66   29"	130.07884024198	-20.91017085962	"PN"	"UBV    8351"
"PN A66   29"	"PN A66   29"	130.07884024198	-20.91017085962	"PN"	"UBV M  44662"
"PN A66    3"	"PN A66    3"	33.02776467542	64.15064801706	"PN"	"2MASS J02120667+6409021"
"PN A66    3"	"PN A66    3"	33.02776467542	64.15064801706	"PN"	"Gaia DR2 515007024509005440"
"PN A66    3"	"PN A66    3"	33.02776467542	64.15064801706	"PN"	"Gaia DR3 515007024509005440"
"PN A66    3"	"PN A66    3"	33.02776467542	64.15064801706	"PN"	"GALEX J021206.4+640900"
"PN A66    3"	"PN A66    3"	33.02776467542	64.15064801706	"PN"	"GSC2 N313310138089"
"PN A66    3"	"PN A66    3"	33.02776467542	64.15064801706	"PN"	"PK 131+02  1"
"PN A66    3"	"PN A66    3"	33.02776467542	64.15064801706	"PN"	"PN A55    3"
"PN A66    3"	"PN A66    3"	33.02776467542	64.15064801706	"PN"	"PN A66    3"
"PN A66    3"	"PN A66    3"	33.02776467542	64.15064801706	"PN"	"PN ARO  204"
"PN A66    3"	"PN A66    3"	33.02776467542	64.15064801706	"PN"	"PN G131.5+02.6"
"PN A66    3"	"PN A66    3"	33.02776467542	64.15064801706	"PN"	"PN VV'   12"
"PN A66    3"	"PN A66    3"	33.02776467542	64.15064801706	"PN"	"SH  2-189"
"PN A66    3"	"PN A66    3"	33.02776467542	64.15064801706	"PN"	"TIC 12402415"
"PN A66   30"	"PN A66   30"	131.72276661453	17.87954705405	"PN"	"1eRASS J084653.3+175248"
"PN A66   30"	"PN A66   30"	131.72276661453	17.87954705405	"PN"	"2MASS J08465346+1752463"
"PN A66   30"	"PN A66   30"	131.72276661453	17.87954705405	"PN"	"2MASX J08465349+1752468"
"PN A66   30"	"PN A66   30"	131.72276661453	17.87954705405	"PN"	"CCDM J08469+1753A"
"PN A66   30"	"PN A66   30"	131.72276661453	17.87954705405	"PN"	"CSI+18-08440"
"PN A66   30"	"PN A66   30"	131.72276661453	17.87954705405	"PN"	"** CUD    4A"
"PN A66   30"	"PN A66   30"	131.72276661453	17.87954705405	"PN"	"[DML87] 247"
"PN A66   30"	"PN A66   30"	131.72276661453	17.87954705405	"PN"	"EPIC 211839836"
"PN A66   30"	"PN A66   30"	131.72276661453	17.87954705405	"PN"	"Gaia DR2 660071056749861888"
"PN A66   30"	"PN A66   30"	131.72276661453	17.87954705405	"PN"	"Gaia DR3 660071056749861888"
"PN A66   30"	"PN A66   30"	131.72276661453	17.87954705405	"PN"	"GEN# +6.20056030"
"PN A66   30"	"PN A66   30"	131.72276661453	17.87954705405	"PN"	"GSC2 N2313320685"
"PN A66   30"	"PN A66   30"	131.72276661453	17.87954705405	"PN"	"IDS 08412+1815 A"
"PN A66   30"	"PN A66   30"	131.72276661453	17.87954705405	"PN"	"IRAS 08440+1803"
"PN A66   30"	"PN A66   30"	131.72276661453	17.87954705405	"PN"	"IRAS F08440+1803"
"PN A66   30"	"PN A66   30"	131.72276661453	17.87954705405	"PN"	"NSV  4241"
"PN A66   30"	"PN A66   30"	131.72276661453	17.87954705405	"PN"	"PG 0844+181"
"PN A66   30"	"PN A66   30"	131.72276661453	17.87954705405	"PN"	"PK 208+33  1"
"PN A66   30"	"PN A66   30"	131.72276661453	17.87954705405	"PN"	"PN A66   30"
"PN A66   30"	"PN A66   30"	131.72276661453	17.87954705405	"PN"	"PN G208.5+33.2"
"PN A66   30"	"PN A66   30"	131.72276661453	17.87954705405	"PN"	"RX J0846.8+1752"
"PN A66   30"	"PN A66   30"	131.72276661453	17.87954705405	"PN"	"SDSS J084653.45+175246.3"
"PN A66   30"	"PN A66   30"	131.72276661453	17.87954705405	"PN"	"TIC 331986754"
"PN A66   30"	"PN A66   30"	131.72276661453	17.87954705405	"PN"	"UBV    8495"
"PN A66   30"	"PN A66   30"	131.72276661453	17.87954705405	"PN"	"UBV M  44663"
"PN A66   30"	"PN A66   30"	131.72276661453	17.87954705405	"PN"	"UCAC2  38071479"
"PN A66   30"	"PN A66   30"	131.72276661453	17.87954705405	"PN"	"WDS J08469+1753A"
"PN A66   31"	"PN A66   31"	133.55485047748	8.8980392975	"PN"	"2MASS J08541316+0853531"
"PN A66   31"	"PN A66   31"	133.55485047748	8.8980392975	"PN"	"CSI+09-08515"
"PN A66   31"	"PN A66   31"	133.55485047748	8.8980392975	"PN"	"FB  53"
"PN A66   31"	"PN A66   31"	133.55485047748	8.8980392975	"PN"	"Gaia DR2 597324024095840512"
"PN A66   31"	"PN A66   31"	133.55485047748	8.8980392975	"PN"	"Gaia DR3 597324024095840512"
"PN A66   31"	"PN A66   31"	133.55485047748	8.8980392975	"PN"	"GEN# +6.20056031"
"PN A66   31"	"PN A66   31"	133.55485047748	8.8980392975	"PN"	"GSC2 N23103322677"
"PN A66   31"	"PN A66   31"	133.55485047748	8.8980392975	"PN"	"IRAS 08515+0905"
"PN A66   31"	"PN A66   31"	133.55485047748	8.8980392975	"PN"	"LAMOST J085413.07+085354.4"
"PN A66   31"	"PN A66   31"	133.55485047748	8.8980392975	"PN"	"PK 219+31"
"PN A66   31"	"PN A66   31"	133.55485047748	8.8980392975	"PN"	"PK 219+31  1"
"PN A66   31"	"PN A66   31"	133.55485047748	8.8980392975	"PN"	"PN A55   20"
"PN A66   31"	"PN A66   31"	133.55485047748	8.8980392975	"PN"	"PN A66   31"
"PN A66   31"	"PN A66   31"	133.55485047748	8.8980392975	"PN"	"PN ARO  135"
"PN A66   31"	"PN A66   31"	133.55485047748	8.8980392975	"PN"	"PN G219.1+31.2"
"PN A66   31"	"PN A66   31"	133.55485047748	8.8980392975	"PN"	"PN VV'   81"
"PN A66   31"	"PN A66   31"	133.55485047748	8.8980392975	"PN"	"SDSS J085413.16+085352.9"
"PN A66   31"	"PN A66   31"	133.55485047748	8.8980392975	"PN"	"SH  2-290"
"PN A66   31"	"PN A66   31"	133.55485047748	8.8980392975	"PN"	"TIC 444036737"
"PN A66   31"	"PN A66   31"	133.55485047748	8.8980392975	"PN"	"UBV    8615"
"PN A66   31"	"PN A66   31"	133.55485047748	8.8980392975	"PN"	"UBV M  44664"
"PN A66   31"	"PN A66   31"	133.55485047748	8.8980392975	"PN"	"ULAS J085413.16+085352.8"
"PN A66   31"	"PN A66   31"	133.55485047748	8.8980392975	"PN"	"WD 0851+090"
"PN A66   32"	"PN A66   32"	139.10333333333332	3.8905555555555553	"?"	"PK 227+33  1"
"PN A66   32"	"PN A66   32"	139.10333333333332	3.8905555555555553	"?"	"PN A55   21"
"PN A66   32"	"PN A66   32"	139.10333333333332	3.8905555555555553	"?"	"PN A66   32"
"PN A66   32"	"PN A66   32"	139.10333333333332	3.8905555555555553	"?"	"PN ARO  178"
"PN A66   32"	"PN A66   32"	139.10333333333332	3.8905555555555553	"?"	"PN VV'   87"
"PN A66   33"	"PN A66   33"	144.78809110247	-2.80846861074	"PN"	"CSI-02-09366"
"PN A66   33"	"PN A66   33"	144.78809110247	-2.80846861074	"PN"	"** CUD    5A"
"PN A66   33"	"PN A66   33"	144.78809110247	-2.80846861074	"PN"	"FB  58"
"PN A66   33"	"PN A66   33"	144.78809110247	-2.80846861074	"PN"	"Gaia DR2 3827045525522912128"
"PN A66   33"	"PN A66   33"	144.78809110247	-2.80846861074	"PN"	"Gaia DR3 3827045525522912128"
"PN A66   33"	"PN A66   33"	144.78809110247	-2.80846861074	"PN"	"GEN# +6.20056033"
"PN A66   33"	"PN A66   33"	144.78809110247	-2.80846861074	"PN"	"GSC 04897-00194"
"PN A66   33"	"PN A66   33"	144.78809110247	-2.80846861074	"PN"	"IRAS F09365-0234"
"PN A66   33"	"PN A66   33"	144.78809110247	-2.80846861074	"PN"	"PG 0936-026"
"PN A66   33"	"PN A66   33"	144.78809110247	-2.80846861074	"PN"	"PK 238+34  1"
"PN A66   33"	"PN A66   33"	144.78809110247	-2.80846861074	"PN"	"PN A55   22"
"PN A66   33"	"PN A66   33"	144.78809110247	-2.80846861074	"PN"	"PN A66   33"
"PN A66   33"	"PN A66   33"	144.78809110247	-2.80846861074	"PN"	"PN ARO   65"
"PN A66   33"	"PN A66   33"	144.78809110247	-2.80846861074	"PN"	"PN G238.0+34.8"
"PN A66   33"	"PN A66   33"	144.78809110247	-2.80846861074	"PN"	"PN VV'   91"
"PN A66   33"	"PN A66   33"	144.78809110247	-2.80846861074	"PN"	"SDSS J093909.14-024830.3"
"PN A66   33"	"PN A66   33"	144.78809110247	-2.80846861074	"PN"	"TIC 841940392"
"PN A66   33"	"PN A66   33"	144.78809110247	-2.80846861074	"PN"	"UBV    9180"
"PN A66   33"	"PN A66   33"	144.78809110247	-2.80846861074	"PN"	"UBV M  44665"
"PN A66   33"	"PN A66   33"	144.78809110247	-2.80846861074	"PN"	"ULAS J093909.13-024830.4"
"PN A66   33"	"PN A66   33"	144.78809110247	-2.80846861074	"PN"	"ULAS J093909.13-024830.6"
"PN A66   33"	"PN A66   33"	144.78809110247	-2.80846861074	"PN"	"WDS J09392-0247A"
"PN A66   34"	"PN A66   34"	146.39723783146	-13.171065319370001	"PN"	"2MASS J09453536-1310158"
"PN A66   34"	"PN A66   34"	146.39723783146	-13.171065319370001	"PN"	"CSI-12-09432"
"PN A66   34"	"PN A66   34"	146.39723783146	-13.171065319370001	"PN"	"Gaia DR2 5690534730341025408"
"PN A66   34"	"PN A66   34"	146.39723783146	-13.171065319370001	"PN"	"Gaia DR3 5690534730341025408"
"PN A66   34"	"PN A66   34"	146.39723783146	-13.171065319370001	"PN"	"GEN# +6.20056034"
"PN A66   34"	"PN A66   34"	146.39723783146	-13.171065319370001	"PN"	"GSC2 S1211202418"
"PN A66   34"	"PN A66   34"	146.39723783146	-13.171065319370001	"PN"	"PK 248+29  1"
"PN A66   34"	"PN A66   34"	146.39723783146	-13.171065319370001	"PN"	"PN A55   23"
"PN A66   34"	"PN A66   34"	146.39723783146	-13.171065319370001	"PN"	"PN A66   34"
"PN A66   34"	"PN A66   34"	146.39723783146	-13.171065319370001	"PN"	"PN G248.7+29.5"
"PN A66   34"	"PN A66   34"	146.39723783146	-13.171065319370001	"PN"	"PN VV'   93"
"PN A66   34"	"PN A66   34"	146.39723783146	-13.171065319370001	"PN"	"TIC 289711034"
"PN A66   34"	"PN A66   34"	146.39723783146	-13.171065319370001	"PN"	"UBV    9230"
"PN A66   34"	"PN A66   34"	146.39723783146	-13.171065319370001	"PN"	"UBV M  44666"
"PN A66   35"	"PN A66   35"	193.38660712712	-22.87293600714	"PN"	"2MASS J12533279-2252224"
"PN A66   35"	"PN A66   35"	193.38660712712	-22.87293600714	"PN"	"BD-22  3467"
"PN A66   35"	"PN A66   35"	193.38660712712	-22.87293600714	"PN"	"CD-22  9659"
"PN A66   35"	"PN A66   35"	193.38660712712	-22.87293600714	"PN"	"CPD-22  5522"
"PN A66   35"	"PN A66   35"	193.38660712712	-22.87293600714	"PN"	"[DWS97] Hya 3"
"PN A66   35"	"PN A66   35"	193.38660712712	-22.87293600714	"PN"	"Gaia DR1 3499149197952168832"
"PN A66   35"	"PN A66   35"	193.38660712712	-22.87293600714	"PN"	"Gaia DR2 3499149202247569536"
"PN A66   35"	"PN A66   35"	193.38660712712	-22.87293600714	"PN"	"Gaia DR3 3499149202247569536"
"PN A66   35"	"PN A66   35"	193.38660712712	-22.87293600714	"PN"	"GEN# -0.02203467"
"PN A66   35"	"PN A66   35"	193.38660712712	-22.87293600714	"PN"	"GSC 06697-00077"
"PN A66   35"	"PN A66   35"	193.38660712712	-22.87293600714	"PN"	"GSC2 S2033100229"
"PN A66   35"	"PN A66   35"	193.38660712712	-22.87293600714	"PN"	"HIC  62905"
"PN A66   35"	"PN A66   35"	193.38660712712	-22.87293600714	"PN"	"HIP 62905"
"PN A66   35"	"PN A66   35"	193.38660712712	-22.87293600714	"PN"	"PK 303+40  1"
"PN A66   35"	"PN A66   35"	193.38660712712	-22.87293600714	"PN"	"PMC 90-93  6472"
"PN A66   35"	"PN A66   35"	193.38660712712	-22.87293600714	"PN"	"PN A55   24"
"PN A66   35"	"PN A66   35"	193.38660712712	-22.87293600714	"PN"	"PN A66   35"
"PN A66   35"	"PN A66   35"	193.38660712712	-22.87293600714	"PN"	"PN G303.6+40.0"
"PN A66   35"	"PN A66   35"	193.38660712712	-22.87293600714	"PN"	"PN VV'  112"
"PN A66   35"	"PN A66   35"	193.38660712712	-22.87293600714	"PN"	"PPM 260942"
"PN A66   35"	"PN A66   35"	193.38660712712	-22.87293600714	"PN"	"SAO 181201"
"PN A66   35"	"PN A66   35"	193.38660712712	-22.87293600714	"PN"	"SH  2-313"
"PN A66   35"	"PN A66   35"	193.38660712712	-22.87293600714	"PN"	"TIC 5966674"
"PN A66   35"	"PN A66   35"	193.38660712712	-22.87293600714	"PN"	"TYC 6697-77-1"
"PN A66   35"	"PN A66   35"	193.38660712712	-22.87293600714	"PN"	"UCAC2  22704512"
"PN A66   35"	"PN A66   35"	193.38660712712	-22.87293600714	"PN"	"V* LW Hya"
"PN A66   35"	"PN A66   35"	193.38660712712	-22.87293600714	"PN"	"WD 1250-226"
"PN A66   35"	"PN A66   35"	193.38660712712	-22.87293600714	"PN"	"YZ 112  9629"
"PN A66   36"	"PN A66   36"	205.17227309606997	-19.88203467884	"PN"	"2MASS J13404134-1952553"
"PN A66   36"	"PN A66   36"	205.17227309606997	-19.88203467884	"PN"	"CSI-19-13379"
"PN A66   36"	"PN A66   36"	205.17227309606997	-19.88203467884	"PN"	"EC 13379-1937"
"PN A66   36"	"PN A66   36"	205.17227309606997	-19.88203467884	"PN"	"ESO 577-24"
"PN A66   36"	"PN A66   36"	205.17227309606997	-19.88203467884	"PN"	"FB 138"
"PN A66   36"	"PN A66   36"	205.17227309606997	-19.88203467884	"PN"	"Gaia DR2 6292074655679874688"
"PN A66   36"	"PN A66   36"	205.17227309606997	-19.88203467884	"PN"	"Gaia DR3 6292074655679874688"
"PN A66   36"	"PN A66   36"	205.17227309606997	-19.88203467884	"PN"	"GEN# +6.20056036"
"PN A66   36"	"PN A66   36"	205.17227309606997	-19.88203467884	"PN"	"GSC 06130-01087"
"PN A66   36"	"PN A66   36"	205.17227309606997	-19.88203467884	"PN"	"GSC2 S2030013110"
"PN A66   36"	"PN A66   36"	205.17227309606997	-19.88203467884	"PN"	"HIC  66732"
"PN A66   36"	"PN A66   36"	205.17227309606997	-19.88203467884	"PN"	"HIP 66732"
"PN A66   36"	"PN A66   36"	205.17227309606997	-19.88203467884	"PN"	"IRAS 13379-1938"
"PN A66   36"	"PN A66   36"	205.17227309606997	-19.88203467884	"PN"	"IRAS F13378-1937"
"PN A66   36"	"PN A66   36"	205.17227309606997	-19.88203467884	"PN"	"NSV  6376"
"PN A66   36"	"PN A66   36"	205.17227309606997	-19.88203467884	"PN"	"PK 318+41  1"
"PN A66   36"	"PN A66   36"	205.17227309606997	-19.88203467884	"PN"	"PN A55   25"
"PN A66   36"	"PN A66   36"	205.17227309606997	-19.88203467884	"PN"	"PN A66   36"
"PN A66   36"	"PN A66   36"	205.17227309606997	-19.88203467884	"PN"	"PN G318.4+41.4"
"PN A66   36"	"PN A66   36"	205.17227309606997	-19.88203467884	"PN"	"PN VV'  116"
"PN A66   36"	"PN A66   36"	205.17227309606997	-19.88203467884	"PN"	"TIC 349162485"
"PN A66   36"	"PN A66   36"	205.17227309606997	-19.88203467884	"PN"	"TYC 6130-1087-1"
"PN A66   36"	"PN A66   36"	205.17227309606997	-19.88203467884	"PN"	"UBV   12237"
"PN A66   36"	"PN A66   36"	205.17227309606997	-19.88203467884	"PN"	"UBV M  44667"
"PN A66   36"	"PN A66   36"	205.17227309606997	-19.88203467884	"PN"	"uvby98 620124138"
"PN A66   37"	"IC  972"	211.10800195247998	-17.2279388701	"PN"	"2MASS J14042592-1713405"
"PN A66   37"	"IC  972"	211.10800195247998	-17.2279388701	"PN"	"DENIS J140425.9-171339"
"PN A66   37"	"IC  972"	211.10800195247998	-17.2279388701	"PN"	"Gaia DR3 6291509197468092672"
"PN A66   37"	"IC  972"	211.10800195247998	-17.2279388701	"PN"	"GSC 06141-00189"
"PN A66   37"	"IC  972"	211.10800195247998	-17.2279388701	"PN"	"GSC2 S202232041"
"PN A66   37"	"IC  972"	211.10800195247998	-17.2279388701	"PN"	"IC  972"
"PN A66   37"	"IC  972"	211.10800195247998	-17.2279388701	"PN"	"PK 326+42  1"
"PN A66   37"	"IC  972"	211.10800195247998	-17.2279388701	"PN"	"PN A55   26"
"PN A66   37"	"IC  972"	211.10800195247998	-17.2279388701	"PN"	"PN A66   37"
"PN A66   37"	"IC  972"	211.10800195247998	-17.2279388701	"PN"	"PN G326.6+42.2"
"PN A66   37"	"IC  972"	211.10800195247998	-17.2279388701	"PN"	"PN G326.7+42.2"
"PN A66   37"	"IC  972"	211.10800195247998	-17.2279388701	"PN"	"PN VV'  119"
"PN A66   37"	"IC  972"	211.10800195247998	-17.2279388701	"PN"	"SCM  77"
"PN A66   37"	"IC  972"	211.10800195247998	-17.2279388701	"PN"	"TIC 385360108"
"PN A66   38"	"PN K  1-3"	245.82920445325993	-31.749619062549996	"PN"	"AM 1620-313"
"PN A66   38"	"PN K  1-3"	245.82920445325993	-31.749619062549996	"PN"	"ESO 452-1"
"PN A66   38"	"PN K  1-3"	245.82920445325993	-31.749619062549996	"PN"	"Gaia DR2 6025240677023518336"
"PN A66   38"	"PN K  1-3"	245.82920445325993	-31.749619062549996	"PN"	"Gaia DR3 6025240677023518336"
"PN A66   38"	"PN K  1-3"	245.82920445325993	-31.749619062549996	"PN"	"GSC2 S23013116784"
"PN A66   38"	"PN K  1-3"	245.82920445325993	-31.749619062549996	"PN"	"PK 346+12  1"
"PN A66   38"	"PN K  1-3"	245.82920445325993	-31.749619062549996	"PN"	"PN A66   38"
"PN A66   38"	"PN K  1-3"	245.82920445325993	-31.749619062549996	"PN"	"PN G346.9+12.4"
"PN A66   38"	"PN K  1-3"	245.82920445325993	-31.749619062549996	"PN"	"PN K  1-3"
"PN A66   38"	"PN K  1-3"	245.82920445325993	-31.749619062549996	"PN"	"WRAY 19-45"
"PN A66   39"	"PN A66   39"	246.89049967631996	27.909297605660004	"PN"	"2MASS J16273371+2754334"
"PN A66   39"	"PN A66   39"	246.89049967631996	27.909297605660004	"PN"	"CSI+28-16255"
"PN A66   39"	"PN A66   39"	246.89049967631996	27.909297605660004	"PN"	"Gaia DR2 1305573511415857536"
"PN A66   39"	"PN A66   39"	246.89049967631996	27.909297605660004	"PN"	"Gaia DR3 1305573511415857536"
"PN A66   39"	"PN A66   39"	246.89049967631996	27.909297605660004	"PN"	"GEN# +6.20056039"
"PN A66   39"	"PN A66   39"	246.89049967631996	27.909297605660004	"PN"	"GSC2 N13220123587"
"PN A66   39"	"PN A66   39"	246.89049967631996	27.909297605660004	"PN"	"PG 1625+280"
"PN A66   39"	"PN A66   39"	246.89049967631996	27.909297605660004	"PN"	"PK 047+42  1"
"PN A66   39"	"PN A66   39"	246.89049967631996	27.909297605660004	"PN"	"PN A55   27"
"PN A66   39"	"PN A66   39"	246.89049967631996	27.909297605660004	"PN"	"PN A66   39"
"PN A66   39"	"PN A66   39"	246.89049967631996	27.909297605660004	"PN"	"PN ARO  180"
"PN A66   39"	"PN A66   39"	246.89049967631996	27.909297605660004	"PN"	"PN G047.0+42.4"
"PN A66   39"	"PN A66   39"	246.89049967631996	27.909297605660004	"PN"	"PN VV'  140"
"PN A66   39"	"PN A66   39"	246.89049967631996	27.909297605660004	"PN"	"TIC 219745583"
"PN A66   39"	"PN A66   39"	246.89049967631996	27.909297605660004	"PN"	"UBV   13929"
"PN A66   39"	"PN A66   39"	246.89049967631996	27.909297605660004	"PN"	"UBV M  44668"
"PN A66   39"	"PN A66   39"	246.89049967631996	27.909297605660004	"PN"	"WD 1625+280"
"PN A66    4"	"PN A66    4"	41.348548386749165	42.55127544112055	"PN"	"Gaia DR3 337112571475961344"
"PN A66    4"	"PN A66    4"	41.348548386749165	42.55127544112055	"PN"	"GALEX J024523.5+423304"
"PN A66    4"	"PN A66    4"	41.348548386749165	42.55127544112055	"PN"	"GALEX J024523.6+423303"
"PN A66    4"	"PN A66    4"	41.348548386749165	42.55127544112055	"PN"	"GSC2 N333111136878"
"PN A66    4"	"PN A66    4"	41.348548386749165	42.55127544112055	"PN"	"PK 144-15  1"
"PN A66    4"	"PN A66    4"	41.348548386749165	42.55127544112055	"PN"	"PN A66    4"
"PN A66    4"	"PN A66    4"	41.348548386749165	42.55127544112055	"PN"	"PN ARO  205"
"PN A66    4"	"PN A66    4"	41.348548386749165	42.55127544112055	"PN"	"PN G144.3-15.5"
"PN A66    4"	"PN A66    4"	41.348548386749165	42.55127544112055	"PN"	"PN VV'   13"
"PN A66    4"	"PN A66    4"	41.348548386749165	42.55127544112055	"PN"	"SDSS J024523.64+423304.5"
"PN A66   40"	"PN A66   40"	252.1438125	-21.014075000000002	"PN"	"ESO 586-3"
"PN A66   40"	"PN A66   40"	252.1438125	-21.014075000000002	"PN"	"GSC2 S223011112571"
"PN A66   40"	"PN A66   40"	252.1438125	-21.014075000000002	"PN"	"IRAS 16456-2055"
"PN A66   40"	"PN A66   40"	252.1438125	-21.014075000000002	"PN"	"IRAS F16456-2055"
"PN A66   40"	"PN A66   40"	252.1438125	-21.014075000000002	"PN"	"PK 359+15  1"
"PN A66   40"	"PN A66   40"	252.1438125	-21.014075000000002	"PN"	"PN A55   28"
"PN A66   40"	"PN A66   40"	252.1438125	-21.014075000000002	"PN"	"PN A66   40"
"PN A66   40"	"PN A66   40"	252.1438125	-21.014075000000002	"PN"	"PN G359.1+15.1"
"PN A66   40"	"PN A66   40"	252.1438125	-21.014075000000002	"PN"	"PN VV'  145"
"PN A66   40"	"PN A66   40"	252.1438125	-21.014075000000002	"PN"	"SCM 120"
"PN A66   41"	"PN A66   41"	262.25844119045996	-15.217911698599998	"PN"	"2MASS J17290202-1513043"
"PN A66   41"	"PN A66   41"	262.25844119045996	-15.217911698599998	"PN"	"CSI-15-17262"
"PN A66   41"	"PN A66   41"	262.25844119045996	-15.217911698599998	"PN"	"Gaia DR2 4136835641106850432"
"PN A66   41"	"PN A66   41"	262.25844119045996	-15.217911698599998	"PN"	"Gaia DR3 4136835641106850432"
"PN A66   41"	"PN A66   41"	262.25844119045996	-15.217911698599998	"PN"	"GEN# +6.20056041"
"PN A66   41"	"PN A66   41"	262.25844119045996	-15.217911698599998	"PN"	"GSC 06235-01036"
"PN A66   41"	"PN A66   41"	262.25844119045996	-15.217911698599998	"PN"	"GSC2 S2202212270"
"PN A66   41"	"PN A66   41"	262.25844119045996	-15.217911698599998	"PN"	"Hen 2-236"
"PN A66   41"	"PN A66   41"	262.25844119045996	-15.217911698599998	"PN"	"IRAS 17262-1510"
"PN A66   41"	"PN A66   41"	262.25844119045996	-15.217911698599998	"PN"	"NSV  8841"
"PN A66   41"	"PN A66   41"	262.25844119045996	-15.217911698599998	"PN"	"PK 009+10  1"
"PN A66   41"	"PN A66   41"	262.25844119045996	-15.217911698599998	"PN"	"PN A55   29"
"PN A66   41"	"PN A66   41"	262.25844119045996	-15.217911698599998	"PN"	"PN A66   41"
"PN A66   41"	"PN A66   41"	262.25844119045996	-15.217911698599998	"PN"	"PN G009.6+10.5"
"PN A66   41"	"PN A66   41"	262.25844119045996	-15.217911698599998	"PN"	"PN Sa  2-205"
"PN A66   41"	"PN A66   41"	262.25844119045996	-15.217911698599998	"PN"	"PN VV'  202"
"PN A66   41"	"PN A66   41"	262.25844119045996	-15.217911698599998	"PN"	"SCM 148"
"PN A66   41"	"PN A66   41"	262.25844119045996	-15.217911698599998	"PN"	"TIC 430768018"
"PN A66   41"	"PN A66   41"	262.25844119045996	-15.217911698599998	"PN"	"UBV   14903"
"PN A66   41"	"PN A66   41"	262.25844119045996	-15.217911698599998	"PN"	"UBV M  44669"
"PN A66   41"	"PN A66   41"	262.25844119045996	-15.217911698599998	"PN"	"USNO-A2.0 0675-19667520"
"PN A66   41"	"PN A66   41"	262.25844119045996	-15.217911698599998	"PN"	"USNO-B1.0 0747-00401620"
"PN A66   41"	"PN A66   41"	262.25844119045996	-15.217911698599998	"PN"	"V* MT Ser"
"PN A66   42"	"PN A66   42"	262.87111450628	-8.319421008700001	"PN"	"Gaia DR2 4167707586821183360"
"PN A66   42"	"PN A66   42"	262.87111450628	-8.319421008700001	"PN"	"Gaia DR3 4167707586821183360"
"PN A66   42"	"PN A66   42"	262.87111450628	-8.319421008700001	"PN"	"GSC2 S220333119033"
"PN A66   42"	"PN A66   42"	262.87111450628	-8.319421008700001	"PN"	"PK 016+13  1"
"PN A66   42"	"PN A66   42"	262.87111450628	-8.319421008700001	"PN"	"PN A55   30"
"PN A66   42"	"PN A66   42"	262.87111450628	-8.319421008700001	"PN"	"PN A66   42"
"PN A66   42"	"PN A66   42"	262.87111450628	-8.319421008700001	"PN"	"PN G016.0+13.5"
"PN A66   42"	"PN A66   42"	262.87111450628	-8.319421008700001	"PN"	"PN VV'  213"
"PN A66   42"	"PN A66   42"	262.87111450628	-8.319421008700001	"PN"	"SCM 149"
"PN A66   42"	"PN A66   42"	262.87111450628	-8.319421008700001	"PN"	"USNO-B1.0 0816-00369725"
"PN A66   42"	"PN A66   42"	262.87111450628	-8.319421008700001	"PN"	"WHI B1728-08"
"PN A66   43"	"PN A66   43"	268.38448656592	10.6233918771	"PN"	"1SWASP J175332.27+103724.3"
"PN A66   43"	"PN A66   43"	268.38448656592	10.6233918771	"PN"	"2MASS J17533227+1037242"
"PN A66   43"	"PN A66   43"	268.38448656592	10.6233918771	"PN"	"CSI+10-17512"
"PN A66   43"	"PN A66   43"	268.38448656592	10.6233918771	"PN"	"Gaia DR2 4488953930631143168"
"PN A66   43"	"PN A66   43"	268.38448656592	10.6233918771	"PN"	"Gaia DR3 4488953930631143168"
"PN A66   43"	"PN A66   43"	268.38448656592	10.6233918771	"PN"	"GEN# +6.20056043"
"PN A66   43"	"PN A66   43"	268.38448656592	10.6233918771	"PN"	"GSC2 N100320325192"
"PN A66   43"	"PN A66   43"	268.38448656592	10.6233918771	"PN"	"IRAS 17511+1037"
"PN A66   43"	"PN A66   43"	268.38448656592	10.6233918771	"PN"	"IRAS F17511+1037"
"PN A66   43"	"PN A66   43"	268.38448656592	10.6233918771	"PN"	"PK 036+17  1"
"PN A66   43"	"PN A66   43"	268.38448656592	10.6233918771	"PN"	"PN A55   31"
"PN A66   43"	"PN A66   43"	268.38448656592	10.6233918771	"PN"	"PN A66   43"
"PN A66   43"	"PN A66   43"	268.38448656592	10.6233918771	"PN"	"PN ARO  181"
"PN A66   43"	"PN A66   43"	268.38448656592	10.6233918771	"PN"	"PN G036.0+17.6"
"PN A66   43"	"PN A66   43"	268.38448656592	10.6233918771	"PN"	"PN VV'  284"
"PN A66   43"	"PN A66   43"	268.38448656592	10.6233918771	"PN"	"PSCz P17511+1037"
"PN A66   43"	"PN A66   43"	268.38448656592	10.6233918771	"PN"	"TIC 277402178"
"PN A66   43"	"PN A66   43"	268.38448656592	10.6233918771	"PN"	"UBV   15230"
"PN A66   43"	"PN A66   43"	268.38448656592	10.6233918771	"PN"	"UBV M  44670"
"PN A66   43"	"PN A66   43"	268.38448656592	10.6233918771	"PN"	"WD 1751+106"
"PN A66   44"	"PN A66   44"	277.54684166666664	-16.75731111111111	"PN"	"PK 015-03  1"
"PN A66   44"	"PN A66   44"	277.54684166666664	-16.75731111111111	"PN"	"PN A55   32"
"PN A66   44"	"PN A66   44"	277.54684166666664	-16.75731111111111	"PN"	"PN A66   44"
"PN A66   44"	"PN A66   44"	277.54684166666664	-16.75731111111111	"PN"	"PN ARO  278"
"PN A66   44"	"PN A66   44"	277.54684166666664	-16.75731111111111	"PN"	"PN G015.6-03.0"
"PN A66   44"	"PN A66   44"	277.54684166666664	-16.75731111111111	"PN"	"PN VV'  413"
"PN A66   45"	"PN A66   45"	277.5642583333333	-11.615952777777776	"PN"	"PK 020-00  1"
"PN A66   45"	"PN A66   45"	277.5642583333333	-11.615952777777776	"PN"	"PN A55   33"
"PN A66   45"	"PN A66   45"	277.5642583333333	-11.615952777777776	"PN"	"PN A66   45"
"PN A66   45"	"PN A66   45"	277.5642583333333	-11.615952777777776	"PN"	"PN G020.0-00.6"
"PN A66   45"	"PN A66   45"	277.5642583333333	-11.615952777777776	"PN"	"PN G020.2-00.6"
"PN A66   45"	"PN A66   45"	277.5642583333333	-11.615952777777776	"PN"	"PN VV'  415"
"PN A66   46"	"PN A66   46"	277.8274627956499	26.93669743058	"PN"	"2MASS J18311860+2656120"
"PN A66   46"	"PN A66   46"	277.8274627956499	26.93669743058	"PN"	"ATO J277.8274+26.9367"
"PN A66   46"	"PN A66   46"	277.8274627956499	26.93669743058	"PN"	"CSI+26-18292"
"PN A66   46"	"PN A66   46"	277.8274627956499	26.93669743058	"PN"	"FB 172"
"PN A66   46"	"PN A66   46"	277.8274627956499	26.93669743058	"PN"	"Gaia DR2 4585381817643702528"
"PN A66   46"	"PN A66   46"	277.8274627956499	26.93669743058	"PN"	"Gaia DR3 4585381817643702528"
"PN A66   46"	"PN A66   46"	277.8274627956499	26.93669743058	"PN"	"GALEX J183118.5+265610"
"PN A66   46"	"PN A66   46"	277.8274627956499	26.93669743058	"PN"	"GALEX J183118.5+265611"
"PN A66   46"	"PN A66   46"	277.8274627956499	26.93669743058	"PN"	"GALEX J183118.5+265612"
"PN A66   46"	"PN A66   46"	277.8274627956499	26.93669743058	"PN"	"GEN# +6.20056046"
"PN A66   46"	"PN A66   46"	277.8274627956499	26.93669743058	"PN"	"GSC2 N022111330360"
"PN A66   46"	"PN A66   46"	277.8274627956499	26.93669743058	"PN"	"NSV 10973"
"PN A66   46"	"PN A66   46"	277.8274627956499	26.93669743058	"PN"	"PK 055+16  1"
"PN A66   46"	"PN A66   46"	277.8274627956499	26.93669743058	"PN"	"PN A55   34"
"PN A66   46"	"PN A66   46"	277.8274627956499	26.93669743058	"PN"	"PN A66   46"
"PN A66   46"	"PN A66   46"	277.8274627956499	26.93669743058	"PN"	"PN ARO  119"
"PN A66   46"	"PN A66   46"	277.8274627956499	26.93669743058	"PN"	"PN G055.4+16.0"
"PN A66   46"	"PN A66   46"	277.8274627956499	26.93669743058	"PN"	"PN VV'  419"
"PN A66   46"	"PN A66   46"	277.8274627956499	26.93669743058	"PN"	"TIC 423311936"
"PN A66   46"	"PN A66   46"	277.8274627956499	26.93669743058	"PN"	"UBV   15775"
"PN A66   46"	"PN A66   46"	277.8274627956499	26.93669743058	"PN"	"UBV M  44671"
"PN A66   46"	"PN A66   46"	277.8274627956499	26.93669743058	"PN"	"UCAC4 585-064269"
"PN A66   46"	"PN A66   46"	277.8274627956499	26.93669743058	"PN"	"V* V477 Lyr"
"PN A66   46"	"PN A66   46"	277.8274627956499	26.93669743058	"PN"	"WISE J183118.58+265612.3"
"PN A66   46"	"PN A66   46"	277.8274627956499	26.93669743058	"PN"	"ZTF J183118.58+265612.2"
"PN A66   47"	"PN A66   47"	278.84401527705	-0.23086966401999998	"PN"	"2MASS J18352256-0013511"
"PN A66   47"	"PN A66   47"	278.84401527705	-0.23086966401999998	"PN"	"Gaia DR2 4272579796149993728"
"PN A66   47"	"PN A66   47"	278.84401527705	-0.23086966401999998	"PN"	"Gaia DR3 4272579796149993728"
"PN A66   47"	"PN A66   47"	278.84401527705	-0.23086966401999998	"PN"	"GSC2 S300020121985"
"PN A66   47"	"PN A66   47"	278.84401527705	-0.23086966401999998	"PN"	"IRAS 18328-0016"
"PN A66   47"	"PN A66   47"	278.84401527705	-0.23086966401999998	"PN"	"PK 030+03  1"
"PN A66   47"	"PN A66   47"	278.84401527705	-0.23086966401999998	"PN"	"PN A55   35"
"PN A66   47"	"PN A66   47"	278.84401527705	-0.23086966401999998	"PN"	"PN A66   47"
"PN A66   47"	"PN A66   47"	278.84401527705	-0.23086966401999998	"PN"	"PN ARO  138"
"PN A66   47"	"PN A66   47"	278.84401527705	-0.23086966401999998	"PN"	"PN G030.8+03.4"
"PN A66   47"	"PN A66   47"	278.84401527705	-0.23086966401999998	"PN"	"PN VV'  429"
"PN A66   47"	"PN A66   47"	278.84401527705	-0.23086966401999998	"PN"	"SCM 214"
"PN A66   47"	"PN A66   47"	278.84401527705	-0.23086966401999998	"PN"	"TIC 46063523"
"PN A66   48"	"PN A66   48"	280.69550279009	-3.2214709643299995	"PN"	"2MASS J18424692-0313172"
"PN A66   48"	"PN A66   48"	280.69550279009	-3.2214709643299995	"PN"	"Gaia DR2 4258557110213184896"
"PN A66   48"	"PN A66   48"	280.69550279009	-3.2214709643299995	"PN"	"Gaia DR3 4258557110213184896"
"PN A66   48"	"PN A66   48"	280.69550279009	-3.2214709643299995	"PN"	"GSC2 S300313132986"
"PN A66   48"	"PN A66   48"	280.69550279009	-3.2214709643299995	"PN"	"IRAS 18401-0316"
"PN A66   48"	"PN A66   48"	280.69550279009	-3.2214709643299995	"PN"	"MAGPIS SNR? G29.0778+0.4542"
"PN A66   48"	"PN A66   48"	280.69550279009	-3.2214709643299995	"PN"	"MGE G029.0784+00.4545"
"PN A66   48"	"PN A66   48"	280.69550279009	-3.2214709643299995	"PN"	"PK 029+00  1"
"PN A66   48"	"PN A66   48"	280.69550279009	-3.2214709643299995	"PN"	"PN A55   36"
"PN A66   48"	"PN A66   48"	280.69550279009	-3.2214709643299995	"PN"	"PN A66   48"
"PN A66   48"	"PN A66   48"	280.69550279009	-3.2214709643299995	"PN"	"PN G029.0+00.4"
"PN A66   48"	"PN A66   48"	280.69550279009	-3.2214709643299995	"PN"	"PN VV'  441"
"PN A66   48"	"PN A66   48"	280.69550279009	-3.2214709643299995	"PN"	"SSTGLMC G029.0783+00.4543"
"PN A66   48"	"PN A66   48"	280.69550279009	-3.2214709643299995	"PN"	"TIC 183429825"
"PN A66   48"	"PN A66   48"	280.69550279009	-3.2214709643299995	"PN"	"WR 120-6"
"PN A66   49"	"PN A66   49"	283.36788333333334	-6.479675	"PN"	"PK 027-03  1"
"PN A66   49"	"PN A66   49"	283.36788333333334	-6.479675	"PN"	"PN A55   37"
"PN A66   49"	"PN A66   49"	283.36788333333334	-6.479675	"PN"	"PN A66   49"
"PN A66   49"	"PN A66   49"	283.36788333333334	-6.479675	"PN"	"PN G027.3-03.4"
"PN A66   49"	"PN A66   49"	283.36788333333334	-6.479675	"PN"	"PN VV'  461"
"PN A66   49"	"PN A66   49"	283.36788333333334	-6.479675	"PN"	"SCM 221"
"PN A66    5"	"PN A66    5"	43.06279583333333	50.59835	"PN"	"GALEX J025215.0+503552"
"PN A66    5"	"PN A66    5"	43.06279583333333	50.59835	"PN"	"GSC2 N333103211952"
"PN A66    5"	"PN A66    5"	43.06279583333333	50.59835	"PN"	"PK 141-07  1"
"PN A66    5"	"PN A66    5"	43.06279583333333	50.59835	"PN"	"PN A55    4"
"PN A66    5"	"PN A66    5"	43.06279583333333	50.59835	"PN"	"PN A66    5"
"PN A66    5"	"PN A66    5"	43.06279583333333	50.59835	"PN"	"PN ARO  206"
"PN A66    5"	"PN A66    5"	43.06279583333333	50.59835	"PN"	"PN G141.7-07.8"
"PN A66    5"	"PN A66    5"	43.06279583333333	50.59835	"PN"	"PN VV'   14"
"PN A66   50"	"NGC  6742"	284.83345833333334	48.46534444444445	"PN"	"GALEX J185919.8+482755"
"PN A66   50"	"NGC  6742"	284.83345833333334	48.46534444444445	"PN"	"GALEX J185919.8+482756"
"PN A66   50"	"NGC  6742"	284.83345833333334	48.46534444444445	"PN"	"GALEX J185919.9+482754"
"PN A66   50"	"NGC  6742"	284.83345833333334	48.46534444444445	"PN"	"GALEX J185919.9+482756"
"PN A66   50"	"NGC  6742"	284.83345833333334	48.46534444444445	"PN"	"KIC 10963135"
"PN A66   50"	"NGC  6742"	284.83345833333334	48.46534444444445	"PN"	"NGC  6742"
"PN A66   50"	"NGC  6742"	284.83345833333334	48.46534444444445	"PN"	"PK 078+18  1"
"PN A66   50"	"NGC  6742"	284.83345833333334	48.46534444444445	"PN"	"PN A55   39"
"PN A66   50"	"NGC  6742"	284.83345833333334	48.46534444444445	"PN"	"PN A66   50"
"PN A66   50"	"NGC  6742"	284.83345833333334	48.46534444444445	"PN"	"PN G078.5+18.7"
"PN A66   50"	"NGC  6742"	284.83345833333334	48.46534444444445	"PN"	"PN VV'  472"
"PN A66   51"	"PN A66   51"	285.25580079711995	-18.204256015339997	"PN"	"2MASS J19010138-1812154"
"PN A66   51"	"PN A66   51"	285.25580079711995	-18.204256015339997	"PN"	"CSI-18-18581"
"PN A66   51"	"PN A66   51"	285.25580079711995	-18.204256015339997	"PN"	"EPIC 218761322"
"PN A66   51"	"PN A66   51"	285.25580079711995	-18.204256015339997	"PN"	"ESO 592-7"
"PN A66   51"	"PN A66   51"	285.25580079711995	-18.204256015339997	"PN"	"Gaia DR2 4086643583803222400"
"PN A66   51"	"PN A66   51"	285.25580079711995	-18.204256015339997	"PN"	"Gaia DR3 4086643583803222400"
"PN A66   51"	"PN A66   51"	285.25580079711995	-18.204256015339997	"PN"	"GALEX J190101.4-181215"
"PN A66   51"	"PN A66   51"	285.25580079711995	-18.204256015339997	"PN"	"GALEX J190101.5-181213"
"PN A66   51"	"PN A66   51"	285.25580079711995	-18.204256015339997	"PN"	"GEN# +6.20056051"
"PN A66   51"	"PN A66   51"	285.25580079711995	-18.204256015339997	"PN"	"IRAS 18581-1816"
"PN A66   51"	"PN A66   51"	285.25580079711995	-18.204256015339997	"PN"	"NSV 11642"
"PN A66   51"	"PN A66   51"	285.25580079711995	-18.204256015339997	"PN"	"PK 017-10  1"
"PN A66   51"	"PN A66   51"	285.25580079711995	-18.204256015339997	"PN"	"PN A55   38"
"PN A66   51"	"PN A66   51"	285.25580079711995	-18.204256015339997	"PN"	"PN A66   51"
"PN A66   51"	"PN A66   51"	285.25580079711995	-18.204256015339997	"PN"	"PN ARO  300"
"PN A66   51"	"PN A66   51"	285.25580079711995	-18.204256015339997	"PN"	"PN G017.6-10.2"
"PN A66   51"	"PN A66   51"	285.25580079711995	-18.204256015339997	"PN"	"PN VV'  471"
"PN A66   51"	"PN A66   51"	285.25580079711995	-18.204256015339997	"PN"	"SCM 224"
"PN A66   51"	"PN A66   51"	285.25580079711995	-18.204256015339997	"PN"	"TIC 336380063"
"PN A66   51"	"PN A66   51"	285.25580079711995	-18.204256015339997	"PN"	"UBV   16133"
"PN A66   51"	"PN A66   51"	285.25580079711995	-18.204256015339997	"PN"	"UBV M  44672"
"PN A66   51"	"PN A66   51"	285.25580079711995	-18.204256015339997	"PN"	"UCAC2  24957185"
"PN A66   51"	"PN A66   51"	285.25580079711995	-18.204256015339997	"PN"	"WISE J190101.24-181215.0"
"PN A66   52"	"PN A66   52"	286.13475833333337	17.951980555555554	"PN"	"GSC2 N02332226919"
"PN A66   52"	"PN A66   52"	286.13475833333337	17.951980555555554	"PN"	"IRAS 19023+1752"
"PN A66   52"	"PN A66   52"	286.13475833333337	17.951980555555554	"PN"	"PK 050+05  1"
"PN A66   52"	"PN A66   52"	286.13475833333337	17.951980555555554	"PN"	"PN A55   40"
"PN A66   52"	"PN A66   52"	286.13475833333337	17.951980555555554	"PN"	"PN A66   52"
"PN A66   52"	"PN A66   52"	286.13475833333337	17.951980555555554	"PN"	"PN ARO  144"
"PN A66   52"	"PN A66   52"	286.13475833333337	17.951980555555554	"PN"	"PN G050.4+05.2"
"PN A66   52"	"PN A66   52"	286.13475833333337	17.951980555555554	"PN"	"PN VV'  476"
"PN A66   53"	"PN A66   53"	286.6912916666667	6.397908333333333	"PN"	"GSC2 N023221018632"
"PN A66   53"	"PN A66   53"	286.6912916666667	6.397908333333333	"PN"	"IRAS 19043+0619"
"PN A66   53"	"PN A66   53"	286.6912916666667	6.397908333333333	"PN"	"MGE G040.3704-00.4750"
"PN A66   53"	"PN A66   53"	286.6912916666667	6.397908333333333	"PN"	"PK 040-00  1"
"PN A66   53"	"PN A66   53"	286.6912916666667	6.397908333333333	"PN"	"PN A55   41"
"PN A66   53"	"PN A66   53"	286.6912916666667	6.397908333333333	"PN"	"PN A66   53"
"PN A66   53"	"PN A66   53"	286.6912916666667	6.397908333333333	"PN"	"PN ARO  183"
"PN A66   53"	"PN A66   53"	286.6912916666667	6.397908333333333	"PN"	"PN G040.3-00.4"
"PN A66   53"	"PN A66   53"	286.6912916666667	6.397908333333333	"PN"	"PN VV'  478"
"PN A66   53"	"PN A66   53"	286.6912916666667	6.397908333333333	"PN"	"RFS  675"
"PN A66   53"	"PN A66   53"	286.6912916666667	6.397908333333333	"PN"	"SCM 228"
"PN A66   53"	"PN A66   53"	286.6912916666667	6.397908333333333	"PN"	"UWISH2 G040.36950-00.47517"
"PN A66   54"	"PN A66   54"	287.16464298447	22.9832049338	"PN"	"2MASS J19083951+2258596"
"PN A66   54"	"PN A66   54"	287.16464298447	22.9832049338	"PN"	"Gaia DR2 4521168448795699328"
"PN A66   54"	"PN A66   54"	287.16464298447	22.9832049338	"PN"	"Gaia DR3 4521168448795699328"
"PN A66   54"	"PN A66   54"	287.16464298447	22.9832049338	"PN"	"PK 055+06  1"
"PN A66   54"	"PN A66   54"	287.16464298447	22.9832049338	"PN"	"PN A55   42"
"PN A66   54"	"PN A66   54"	287.16464298447	22.9832049338	"PN"	"PN A66   54"
"PN A66   54"	"PN A66   54"	287.16464298447	22.9832049338	"PN"	"PN ARO  184"
"PN A66   54"	"PN A66   54"	287.16464298447	22.9832049338	"PN"	"PN G055.3+06.6"
"PN A66   54"	"PN A66   54"	287.16464298447	22.9832049338	"PN"	"PN VV'  479"
"PN A66   54"	"PN A66   54"	287.16464298447	22.9832049338	"PN"	"TIC 9195035"
"PN A66   55"	"PN A66   55"	287.6073666666667	-2.33985	"PN"	"IRAS 19078-0225"
"PN A66   55"	"PN A66   55"	287.6073666666667	-2.33985	"PN"	"PK 033-05  1"
"PN A66   55"	"PN A66   55"	287.6073666666667	-2.33985	"PN"	"PN A55   43"
"PN A66   55"	"PN A66   55"	287.6073666666667	-2.33985	"PN"	"PN A66   55"
"PN A66   55"	"PN A66   55"	287.6073666666667	-2.33985	"PN"	"PN G033.0-05.3"
"PN A66   55"	"PN A66   55"	287.6073666666667	-2.33985	"PN"	"PN VV'  480"
"PN A66   55"	"PN A66   55"	287.6073666666667	-2.33985	"PN"	"SCM 230"
"PN A66   56"	"PN A66   56"	288.2753703053741	2.879808693977222	"PN"	"Gaia DR3 4268179207028750592"
"PN A66   56"	"PN A66   56"	288.2753703053741	2.879808693977222	"PN"	"GSC2 N0201030119418"
"PN A66   56"	"PN A66   56"	288.2753703053741	2.879808693977222	"PN"	"PK 037-03  2"
"PN A66   56"	"PN A66   56"	288.2753703053741	2.879808693977222	"PN"	"PN A55   44"
"PN A66   56"	"PN A66   56"	288.2753703053741	2.879808693977222	"PN"	"PN A66   56"
"PN A66   56"	"PN A66   56"	288.2753703053741	2.879808693977222	"PN"	"PN ARO  146"
"PN A66   56"	"PN A66   56"	288.2753703053741	2.879808693977222	"PN"	"PN G037.9-03.4"
"PN A66   56"	"PN A66   56"	288.2753703053741	2.879808693977222	"PN"	"PN VV'  483"
"PN A66   57"	"PN A66   57"	289.27356660005	25.62580344644	"PN"	"CSI+25-19150"
"PN A66   57"	"PN A66   57"	289.27356660005	25.62580344644	"PN"	"Gaia DR2 2024098484670541952"
"PN A66   57"	"PN A66   57"	289.27356660005	25.62580344644	"PN"	"Gaia DR3 2024098484670541952"
"PN A66   57"	"PN A66   57"	289.27356660005	25.62580344644	"PN"	"GEN# +6.20056057"
"PN A66   57"	"PN A66   57"	289.27356660005	25.62580344644	"PN"	"GSC2 N022231310954"
"PN A66   57"	"PN A66   57"	289.27356660005	25.62580344644	"PN"	"PK 058+06  1"
"PN A66   57"	"PN A66   57"	289.27356660005	25.62580344644	"PN"	"PN A55   46"
"PN A66   57"	"PN A66   57"	289.27356660005	25.62580344644	"PN"	"PN A66   57"
"PN A66   57"	"PN A66   57"	289.27356660005	25.62580344644	"PN"	"PN ARO  149"
"PN A66   57"	"PN A66   57"	289.27356660005	25.62580344644	"PN"	"PN G058.6+06.1"
"PN A66   57"	"PN A66   57"	289.27356660005	25.62580344644	"PN"	"PN VV'  490"
"PN A66   57"	"PN A66   57"	289.27356660005	25.62580344644	"PN"	"PSO J289.2735+25.6257"
"PN A66   57"	"PN A66   57"	289.27356660005	25.62580344644	"PN"	"TIC 1711005255"
"PN A66   57"	"PN A66   57"	289.27356660005	25.62580344644	"PN"	"UBV   16325"
"PN A66   57"	"PN A66   57"	289.27356660005	25.62580344644	"PN"	"UBV M  44673"
"PN A66   57"	"PN A66   57"	289.27356660005	25.62580344644	"PN"	"USNO-B1.0 1156-00344440"
"PN A66   57"	"PN A66   57"	289.27356660005	25.62580344644	"PN"	"WISE J191705.62+253732.2"
"PN A66   58"	"PN A66   58"	289.5853166666667	1.7832277777777776	"PN"	"AAVSO 1913+01"
"PN A66   58"	"PN A66   58"	289.5853166666667	1.7832277777777776	"PN"	"AN    7.1920"
"PN A66   58"	"PN A66   58"	289.5853166666667	1.7832277777777776	"PN"	"C* 2719"
"PN A66   58"	"PN A66   58"	289.5853166666667	1.7832277777777776	"PN"	"CGCS 4225"
"PN A66   58"	"PN A66   58"	289.5853166666667	1.7832277777777776	"PN"	"GSC2 N020103213277"
"PN A66   58"	"PN A66   58"	289.5853166666667	1.7832277777777776	"PN"	"IRAS 19158+0141"
"PN A66   58"	"PN A66   58"	289.5853166666667	1.7832277777777776	"PN"	"Lund    21"
"PN A66   58"	"PN A66   58"	289.5853166666667	1.7832277777777776	"PN"	"NAME Nova Aquilae No 4"
"PN A66   58"	"PN A66   58"	289.5853166666667	1.7832277777777776	"PN"	"NOVA Aql 1919"
"PN A66   58"	"PN A66   58"	289.5853166666667	1.7832277777777776	"PN"	"PK 037-05  1"
"PN A66   58"	"PN A66   58"	289.5853166666667	1.7832277777777776	"PN"	"PN A55   45"
"PN A66   58"	"PN A66   58"	289.5853166666667	1.7832277777777776	"PN"	"PN A66   58"
"PN A66   58"	"PN A66   58"	289.5853166666667	1.7832277777777776	"PN"	"PN ARO  150"
"PN A66   58"	"PN A66   58"	289.5853166666667	1.7832277777777776	"PN"	"PN G037.5-05.1"
"PN A66   58"	"PN A66   58"	289.5853166666667	1.7832277777777776	"PN"	"PN VV'  489"
"PN A66   58"	"PN A66   58"	289.5853166666667	1.7832277777777776	"PN"	"SCM 239"
"PN A66   58"	"PN A66   58"	289.5853166666667	1.7832277777777776	"PN"	"V* V605 Aql"
"PN A66   59"	"PN A66   59"	289.6666791666667	19.575819444444445	"PN"	"IRAS 19164+1928"
"PN A66   59"	"PN A66   59"	289.6666791666667	19.575819444444445	"PN"	"PK 053+03  1"
"PN A66   59"	"PN A66   59"	289.6666791666667	19.575819444444445	"PN"	"PN A55   48"
"PN A66   59"	"PN A66   59"	289.6666791666667	19.575819444444445	"PN"	"PN A66   59"
"PN A66   59"	"PN A66   59"	289.6666791666667	19.575819444444445	"PN"	"PN ARO   84"
"PN A66   59"	"PN A66   59"	289.6666791666667	19.575819444444445	"PN"	"PN G053.3+03.0"
"PN A66   59"	"PN A66   59"	289.6666791666667	19.575819444444445	"PN"	"PN VV'  494"
"PN A66    6"	"PN A66    6"	44.674432769984584	64.50174334988388	"PN"	"Gaia DR3 467936205865972352"
"PN A66    6"	"PN A66    6"	44.674432769984584	64.50174334988388	"PN"	"GSC2 N31333005850"
"PN A66    6"	"PN A66    6"	44.674432769984584	64.50174334988388	"PN"	"IRAS 02545+6417"
"PN A66    6"	"PN A66    6"	44.674432769984584	64.50174334988388	"PN"	"PK 136+04  1"
"PN A66    6"	"PN A66    6"	44.674432769984584	64.50174334988388	"PN"	"PN A55    5"
"PN A66    6"	"PN A66    6"	44.674432769984584	64.50174334988388	"PN"	"PN A66    6"
"PN A66    6"	"PN A66    6"	44.674432769984584	64.50174334988388	"PN"	"PN ARO  207"
"PN A66    6"	"PN A66    6"	44.674432769984584	64.50174334988388	"PN"	"PN G136.1+04.9"
"PN A66    6"	"PN A66    6"	44.674432769984584	64.50174334988388	"PN"	"PSO J044.6744+64.5017"
"PN A66    6"	"PN A66    6"	44.674432769984584	64.50174334988388	"PN"	"TIC 647451737"
"PN A66   60"	"PN A66   60"	289.82412779929996	-12.243369065190002	"PN"	"Gaia DR2 4186077574260953984"
"PN A66   60"	"PN A66   60"	289.82412779929996	-12.243369065190002	"PN"	"Gaia DR3 4186077574260953984"
"PN A66   60"	"PN A66   60"	289.82412779929996	-12.243369065190002	"PN"	"GALEX J191917.6-121437"
"PN A66   60"	"PN A66   60"	289.82412779929996	-12.243369065190002	"PN"	"GALEX J191917.7-121436"
"PN A66   60"	"PN A66   60"	289.82412779929996	-12.243369065190002	"PN"	"GSC2 S303321215212"
"PN A66   60"	"PN A66   60"	289.82412779929996	-12.243369065190002	"PN"	"PK 025-11  1"
"PN A66   60"	"PN A66   60"	289.82412779929996	-12.243369065190002	"PN"	"PN A55   47"
"PN A66   60"	"PN A66   60"	289.82412779929996	-12.243369065190002	"PN"	"PN A66   60"
"PN A66   60"	"PN A66   60"	289.82412779929996	-12.243369065190002	"PN"	"PN ARO  314"
"PN A66   60"	"PN A66   60"	289.82412779929996	-12.243369065190002	"PN"	"PN G025.0-11.6"
"PN A66   60"	"PN A66   60"	289.82412779929996	-12.243369065190002	"PN"	"PN VV'  493"
"PN A66   61"	"PN A66   61"	289.79251136779	46.24777050590999	"PN"	"CSI+46-19177"
"PN A66   61"	"PN A66   61"	289.79251136779	46.24777050590999	"PN"	"Gaia DR2 2127684982639844224"
"PN A66   61"	"PN A66   61"	289.79251136779	46.24777050590999	"PN"	"Gaia DR3 2127684982639844224"
"PN A66   61"	"PN A66   61"	289.79251136779	46.24777050590999	"PN"	"GALEX J191909.9+461449"
"PN A66   61"	"PN A66   61"	289.79251136779	46.24777050590999	"PN"	"GALEX J191910.2+461451"
"PN A66   61"	"PN A66   61"	289.79251136779	46.24777050590999	"PN"	"GEN# +6.20056061"
"PN A66   61"	"PN A66   61"	289.79251136779	46.24777050590999	"PN"	"GSC2 N030311352878"
"PN A66   61"	"PN A66   61"	289.79251136779	46.24777050590999	"PN"	"KIC 9583158"
"PN A66   61"	"PN A66   61"	289.79251136779	46.24777050590999	"PN"	"NSV 11917"
"PN A66   61"	"PN A66   61"	289.79251136779	46.24777050590999	"PN"	"PK 077+14"
"PN A66   61"	"PN A66   61"	289.79251136779	46.24777050590999	"PN"	"PK 077+14  1"
"PN A66   61"	"PN A66   61"	289.79251136779	46.24777050590999	"PN"	"PN A55   49"
"PN A66   61"	"PN A66   61"	289.79251136779	46.24777050590999	"PN"	"PN A66   61"
"PN A66   61"	"PN A66   61"	289.79251136779	46.24777050590999	"PN"	"PN G077.6+14.7"
"PN A66   61"	"PN A66   61"	289.79251136779	46.24777050590999	"PN"	"PN VV'  495"
"PN A66   61"	"PN A66   61"	289.79251136779	46.24777050590999	"PN"	"PSO J289.7925+46.2477"
"PN A66   61"	"PN A66   61"	289.79251136779	46.24777050590999	"PN"	"TIC 1716997043"
"PN A66   61"	"PN A66   61"	289.79251136779	46.24777050590999	"PN"	"UBV   16374"
"PN A66   61"	"PN A66   61"	289.79251136779	46.24777050590999	"PN"	"UBV M  44674"
"PN A66   61"	"PN A66   61"	289.79251136779	46.24777050590999	"PN"	"USNO-B1.0 1362-00308430"
"PN A66   61"	"PN A66   61"	289.79251136779	46.24777050590999	"PN"	"WD 1917+461"
"PN A66   62"	"PN A66   62"	293.3245354548713	10.616600495300833	"PN"	"Gaia DR3 4314617943916816384"
"PN A66   62"	"PN A66   62"	293.3245354548713	10.616600495300833	"PN"	"[GS55] 164"
"PN A66   62"	"PN A66   62"	293.3245354548713	10.616600495300833	"PN"	"PK 047-04  1"
"PN A66   62"	"PN A66   62"	293.3245354548713	10.616600495300833	"PN"	"PN A55   50"
"PN A66   62"	"PN A66   62"	293.3245354548713	10.616600495300833	"PN"	"PN A66   62"
"PN A66   62"	"PN A66   62"	293.3245354548713	10.616600495300833	"PN"	"PN ARO  155"
"PN A66   62"	"PN A66   62"	293.3245354548713	10.616600495300833	"PN"	"PN G047.1-04.2"
"PN A66   62"	"PN A66   62"	293.3245354548713	10.616600495300833	"PN"	"PN VV'  501"
"PN A66   62"	"PN A66   62"	293.3245354548713	10.616600495300833	"PN"	"PSO J293.3245+10.6165"
"PN A66   62"	"PN A66   62"	293.3245354548713	10.616600495300833	"PN"	"TIC 1912509815"
"PN A66   63"	"PN A66   63"	295.54287357862	17.08734958587	"PN"	"AKARI-FIS-V1 J1942099+170519"
"PN A66   63"	"PN A66   63"	295.54287357862	17.08734958587	"PN"	"CSI+16-19399"
"PN A66   63"	"PN A66   63"	295.54287357862	17.08734958587	"PN"	"Gaia DR2 1820963913284517504"
"PN A66   63"	"PN A66   63"	295.54287357862	17.08734958587	"PN"	"Gaia DR3 1820963913284517504"
"PN A66   63"	"PN A66   63"	295.54287357862	17.08734958587	"PN"	"GALEX J194210.2+170513"
"PN A66   63"	"PN A66   63"	295.54287357862	17.08734958587	"PN"	"GEN# +6.20056063"
"PN A66   63"	"PN A66   63"	295.54287357862	17.08734958587	"PN"	"IRAS 19398+1657"
"PN A66   63"	"PN A66   63"	295.54287357862	17.08734958587	"PN"	"NSV 12320"
"PN A66   63"	"PN A66   63"	295.54287357862	17.08734958587	"PN"	"PK 053-03  1"
"PN A66   63"	"PN A66   63"	295.54287357862	17.08734958587	"PN"	"PN A55   51"
"PN A66   63"	"PN A66   63"	295.54287357862	17.08734958587	"PN"	"PN A66   63"
"PN A66   63"	"PN A66   63"	295.54287357862	17.08734958587	"PN"	"PN ARO  161"
"PN A66   63"	"PN A66   63"	295.54287357862	17.08734958587	"PN"	"PN G053.8-03.0"
"PN A66   63"	"PN A66   63"	295.54287357862	17.08734958587	"PN"	"PN VV'  509"
"PN A66   63"	"PN A66   63"	295.54287357862	17.08734958587	"PN"	"SV* HV  5452"
"PN A66   63"	"PN A66   63"	295.54287357862	17.08734958587	"PN"	"SV* SON  8314"
"PN A66   63"	"PN A66   63"	295.54287357862	17.08734958587	"PN"	"TIC 1842385646"
"PN A66   63"	"PN A66   63"	295.54287357862	17.08734958587	"PN"	"UBV   16747"
"PN A66   63"	"PN A66   63"	295.54287357862	17.08734958587	"PN"	"UBV M  44675"
"PN A66   63"	"PN A66   63"	295.54287357862	17.08734958587	"PN"	"UCAC3 215-226822"
"PN A66   63"	"PN A66   63"	295.54287357862	17.08734958587	"PN"	"V* UU Sge"
"PN A66   63"	"PN A66   63"	295.54287357862	17.08734958587	"PN"	"WD 1939+169"
"PN A66   64"	"Z 397-5"	296.39508	5.56436	"AG?"	"2MASX J19453483+0533514"
"PN A66   64"	"Z 397-5"	296.39508	5.56436	"AG?"	"AGC 290080"
"PN A66   64"	"Z 397-5"	296.39508	5.56436	"AG?"	"IRAS 19430+0526"
"PN A66   64"	"Z 397-5"	296.39508	5.56436	"AG?"	"LEDA   63630"
"PN A66   64"	"Z 397-5"	296.39508	5.56436	"AG?"	"PK 044-09  1"
"PN A66   64"	"Z 397-5"	296.39508	5.56436	"AG?"	"PN A55   52"
"PN A66   64"	"Z 397-5"	296.39508	5.56436	"AG?"	"PN A66   64"
"PN A66   64"	"Z 397-5"	296.39508	5.56436	"AG?"	"PN ARO  163"
"PN A66   64"	"Z 397-5"	296.39508	5.56436	"AG?"	"PN VV'  512"
"PN A66   64"	"Z 397-5"	296.39508	5.56436	"AG?"	"SCM 251"
"PN A66   64"	"Z 397-5"	296.39508	5.56436	"AG?"	"UZC J194535.0+053405"
"PN A66   64"	"Z 397-5"	296.39508	5.56436	"AG?"	"Z 1943.1+0528"
"PN A66   64"	"Z 397-5"	296.39508	5.56436	"AG?"	"Z 397-5"
"PN A66   65"	"PN A66   65"	296.64253829593	-23.136935023080003	"PN"	"2MASS J19463420-2308129"
"PN A66   65"	"PN A66   65"	296.64253829593	-23.136935023080003	"PN"	"ATO J296.6425-23.1369"
"PN A66   65"	"PN A66   65"	296.64253829593	-23.136935023080003	"PN"	"CSI-23-19436"
"PN A66   65"	"PN A66   65"	296.64253829593	-23.136935023080003	"PN"	"DENIS J194634.2-230812"
"PN A66   65"	"PN A66   65"	296.64253829593	-23.136935023080003	"PN"	"ESO 526-3"
"PN A66   65"	"PN A66   65"	296.64253829593	-23.136935023080003	"PN"	"Gaia DR2 6864617817991978624"
"PN A66   65"	"PN A66   65"	296.64253829593	-23.136935023080003	"PN"	"Gaia DR3 6864617817991978624"
"PN A66   65"	"PN A66   65"	296.64253829593	-23.136935023080003	"PN"	"GALEX J194634.2-230813"
"PN A66   65"	"PN A66   65"	296.64253829593	-23.136935023080003	"PN"	"GALEX J194634.2-230815"
"PN A66   65"	"PN A66   65"	296.64253829593	-23.136935023080003	"PN"	"GALEX J194634.3-230814"
"PN A66   65"	"PN A66   65"	296.64253829593	-23.136935023080003	"PN"	"GALEX J194634.3-230815"
"PN A66   65"	"PN A66   65"	296.64253829593	-23.136935023080003	"PN"	"GEN# +6.20056065"
"PN A66   65"	"PN A66   65"	296.64253829593	-23.136935023080003	"PN"	"GSC 06890-02790"
"PN A66   65"	"PN A66   65"	296.64253829593	-23.136935023080003	"PN"	"GSC2 S3022000382"
"PN A66   65"	"PN A66   65"	296.64253829593	-23.136935023080003	"PN"	"IRAS 19435-2315"
"PN A66   65"	"PN A66   65"	296.64253829593	-23.136935023080003	"PN"	"LEDA   63654"
"PN A66   65"	"PN A66   65"	296.64253829593	-23.136935023080003	"PN"	"MCG-04-46-001"
"PN A66   65"	"PN A66   65"	296.64253829593	-23.136935023080003	"PN"	"PK 017-21  1"
"PN A66   65"	"PN A66   65"	296.64253829593	-23.136935023080003	"PN"	"PN A66   65"
"PN A66   65"	"PN A66   65"	296.64253829593	-23.136935023080003	"PN"	"PN ARO   36"
"PN A66   65"	"PN A66   65"	296.64253829593	-23.136935023080003	"PN"	"PN G017.3-21.9"
"PN A66   65"	"PN A66   65"	296.64253829593	-23.136935023080003	"PN"	"PN VV'  513"
"PN A66   65"	"PN A66   65"	296.64253829593	-23.136935023080003	"PN"	"PSCz P19435-2315"
"PN A66   65"	"PN A66   65"	296.64253829593	-23.136935023080003	"PN"	"SH  2-52"
"PN A66   65"	"PN A66   65"	296.64253829593	-23.136935023080003	"PN"	"TIC 69392806"
"PN A66   65"	"PN A66   65"	296.64253829593	-23.136935023080003	"PN"	"UBV   16806"
"PN A66   65"	"PN A66   65"	296.64253829593	-23.136935023080003	"PN"	"UBV M  44676"
"PN A66   65"	"PN A66   65"	296.64253829593	-23.136935023080003	"PN"	"UCAC2  22584419"
"PN A66   65"	"PN A66   65"	296.64253829593	-23.136935023080003	"PN"	"UCAC3 134-465256"
"PN A66   65"	"PN A66   65"	296.64253829593	-23.136935023080003	"PN"	"UGCA 415"
"PN A66   66"	"PN A66   66"	299.38126193687	-21.61283597868	"PN"	"CSI-21-19546"
"PN A66   66"	"PN A66   66"	299.38126193687	-21.61283597868	"PN"	"ESO 595-4"
"PN A66   66"	"PN A66   66"	299.38126193687	-21.61283597868	"PN"	"Gaia DR2 6864496115795567488"
"PN A66   66"	"PN A66   66"	299.38126193687	-21.61283597868	"PN"	"Gaia DR3 6864496115795567488"
"PN A66   66"	"PN A66   66"	299.38126193687	-21.61283597868	"PN"	"GALEX J195731.3-213645"
"PN A66   66"	"PN A66   66"	299.38126193687	-21.61283597868	"PN"	"GALEX J195731.4-213645"
"PN A66   66"	"PN A66   66"	299.38126193687	-21.61283597868	"PN"	"GALEX J195731.4-213646"
"PN A66   66"	"PN A66   66"	299.38126193687	-21.61283597868	"PN"	"GALEX J195731.5-213644"
"PN A66   66"	"PN A66   66"	299.38126193687	-21.61283597868	"PN"	"GALEX J195731.5-213645"
"PN A66   66"	"PN A66   66"	299.38126193687	-21.61283597868	"PN"	"GEN# +6.20056066"
"PN A66   66"	"PN A66   66"	299.38126193687	-21.61283597868	"PN"	"GSC2 S331103117982"
"PN A66   66"	"PN A66   66"	299.38126193687	-21.61283597868	"PN"	"IRAS 19545-2144"
"PN A66   66"	"PN A66   66"	299.38126193687	-21.61283597868	"PN"	"PK 019-23  1"
"PN A66   66"	"PN A66   66"	299.38126193687	-21.61283597868	"PN"	"PN A55   53"
"PN A66   66"	"PN A66   66"	299.38126193687	-21.61283597868	"PN"	"PN A66   66"
"PN A66   66"	"PN A66   66"	299.38126193687	-21.61283597868	"PN"	"PN ARO  339"
"PN A66   66"	"PN A66   66"	299.38126193687	-21.61283597868	"PN"	"PN G019.8-23.7"
"PN A66   66"	"PN A66   66"	299.38126193687	-21.61283597868	"PN"	"PN VV'  519"
"PN A66   66"	"PN A66   66"	299.38126193687	-21.61283597868	"PN"	"UBV   16998"
"PN A66   66"	"PN A66   66"	299.38126193687	-21.61283597868	"PN"	"UBV M  44677"
"PN A66   67"	"PN A66   67"	299.61259118176	3.0500026503800006	"PN"	"Gaia DR2 4241183550857632896"
"PN A66   67"	"PN A66   67"	299.61259118176	3.0500026503800006	"PN"	"Gaia DR3 4241183550857632896"
"PN A66   67"	"PN A66   67"	299.61259118176	3.0500026503800006	"PN"	"GSC2 N021211119845"
"PN A66   67"	"PN A66   67"	299.61259118176	3.0500026503800006	"PN"	"PK 043-13  1"
"PN A66   67"	"PN A66   67"	299.61259118176	3.0500026503800006	"PN"	"PN A55   54"
"PN A66   67"	"PN A66   67"	299.61259118176	3.0500026503800006	"PN"	"PN A66   67"
"PN A66   67"	"PN A66   67"	299.61259118176	3.0500026503800006	"PN"	"PN ARO  117"
"PN A66   67"	"PN A66   67"	299.61259118176	3.0500026503800006	"PN"	"PN G043.5-13.4"
"PN A66   67"	"PN A66   67"	299.61259118176	3.0500026503800006	"PN"	"PN VV'  520"
"PN A66   67"	"PN A66   67"	299.61259118176	3.0500026503800006	"PN"	"SCM 252"
"PN A66   67"	"PN A66   67"	299.61259118176	3.0500026503800006	"PN"	"USNO-B1.0 0930-00655893"
"PN A66   68"	"PN A66   68"	300.0441780443387	21.715561238676663	"PN"	"Gaia DR3 1826936121144576896"
"PN A66   68"	"PN A66   68"	300.0441780443387	21.715561238676663	"PN"	"GSC2 N031203279130"
"PN A66   68"	"PN A66   68"	300.0441780443387	21.715561238676663	"PN"	"IRAS 19579+2134"
"PN A66   68"	"PN A66   68"	300.0441780443387	21.715561238676663	"PN"	"PK 060-04  1"
"PN A66   68"	"PN A66   68"	300.0441780443387	21.715561238676663	"PN"	"PN A55   55"
"PN A66   68"	"PN A66   68"	300.0441780443387	21.715561238676663	"PN"	"PN A66   68"
"PN A66   68"	"PN A66   68"	300.0441780443387	21.715561238676663	"PN"	"PN ARO  166"
"PN A66   68"	"PN A66   68"	300.0441780443387	21.715561238676663	"PN"	"PN G060.0-04.3"
"PN A66   68"	"PN A66   68"	300.0441780443387	21.715561238676663	"PN"	"PN VV'  522"
"PN A66   68"	"PN A66   68"	300.0441780443387	21.715561238676663	"PN"	"PSO J300.0441+21.7155"
"PN A66   69"	"PN A66   69"	304.9930958333333	38.4006	"PN"	"PK 076+01  1"
"PN A66   69"	"PN A66   69"	304.9930958333333	38.4006	"PN"	"PN A55   56"
"PN A66   69"	"PN A66   69"	304.9930958333333	38.4006	"PN"	"PN A66   69"
"PN A66   69"	"PN A66   69"	304.9930958333333	38.4006	"PN"	"PN ARO   15"
"PN A66   69"	"PN A66   69"	304.9930958333333	38.4006	"PN"	"PN G076.3+01.1"
"PN A66   69"	"PN A66   69"	304.9930958333333	38.4006	"PN"	"PN VV'  533"
"PN A66   69"	"PN A66   69"	304.9930958333333	38.4006	"PN"	"UWISH2 G076.37264+01.17216"
"PN A66    7"	"PN A66    7"	75.78138642496	-15.606311337320001	"PN"	"2MASS J05030752-1536227"
"PN A66    7"	"PN A66    7"	75.78138642496	-15.606311337320001	"PN"	"AG82  38"
"PN A66    7"	"PN A66    7"	75.78138642496	-15.606311337320001	"PN"	"CSI-15-05009"
"PN A66    7"	"PN A66    7"	75.78138642496	-15.606311337320001	"PN"	"EC 05008-1540"
"PN A66    7"	"PN A66    7"	75.78138642496	-15.606311337320001	"PN"	"EGGR 902"
"PN A66    7"	"PN A66    7"	75.78138642496	-15.606311337320001	"PN"	"FB  43"
"PN A66    7"	"PN A66    7"	75.78138642496	-15.606311337320001	"PN"	"Gaia DR2 2986220396462236032"
"PN A66    7"	"PN A66    7"	75.78138642496	-15.606311337320001	"PN"	"Gaia DR3 2986220396462236032"
"PN A66    7"	"PN A66    7"	75.78138642496	-15.606311337320001	"PN"	"GEN# +6.20056007"
"PN A66    7"	"PN A66    7"	75.78138642496	-15.606311337320001	"PN"	"GSC 05900-01018"
"PN A66    7"	"PN A66    7"	75.78138642496	-15.606311337320001	"PN"	"GSC2 S0233022264"
"PN A66    7"	"PN A66    7"	75.78138642496	-15.606311337320001	"PN"	"PK 215-30  1"
"PN A66    7"	"PN A66    7"	75.78138642496	-15.606311337320001	"PN"	"PN A55    6"
"PN A66    7"	"PN A66    7"	75.78138642496	-15.606311337320001	"PN"	"PN A66    7"
"PN A66    7"	"PN A66    7"	75.78138642496	-15.606311337320001	"PN"	"PN ARO  215"
"PN A66    7"	"PN A66    7"	75.78138642496	-15.606311337320001	"PN"	"PN G215.5-30.8"
"PN A66    7"	"PN A66    7"	75.78138642496	-15.606311337320001	"PN"	"PN VV'   27"
"PN A66    7"	"PN A66    7"	75.78138642496	-15.606311337320001	"PN"	"TIC 169305167"
"PN A66    7"	"PN A66    7"	75.78138642496	-15.606311337320001	"PN"	"UBV    4868"
"PN A66    7"	"PN A66    7"	75.78138642496	-15.606311337320001	"PN"	"UBV M  44653"
"PN A66    7"	"PN A66    7"	75.78138642496	-15.606311337320001	"PN"	"WD 0500-15"
"PN A66    7"	"PN A66    7"	75.78138642496	-15.606311337320001	"PN"	"WD 0500-156"
"PN A66    7"	"PN A66    7"	75.78138642496	-15.606311337320001	"PN"	"WD 0500-157"
"PN A66   70"	"PN A66   70"	307.88836479172	-7.08834303071	"PN"	"2MASS J20313321-0705178"
"PN A66   70"	"PN A66   70"	307.88836479172	-7.08834303071	"PN"	"DENIS J203133.2-070517"
"PN A66   70"	"PN A66   70"	307.88836479172	-7.08834303071	"PN"	"Gaia DR2 6907822573352460032"
"PN A66   70"	"PN A66   70"	307.88836479172	-7.08834303071	"PN"	"Gaia DR3 6907822573352460032"
"PN A66   70"	"PN A66   70"	307.88836479172	-7.08834303071	"PN"	"GALEX J203133.1-070517"
"PN A66   70"	"PN A66   70"	307.88836479172	-7.08834303071	"PN"	"GALEX J203133.3-070520"
"PN A66   70"	"PN A66   70"	307.88836479172	-7.08834303071	"PN"	"GSC2 S3020230458"
"PN A66   70"	"PN A66   70"	307.88836479172	-7.08834303071	"PN"	"PK 038-25  1"
"PN A66   70"	"PN A66   70"	307.88836479172	-7.08834303071	"PN"	"PN A55   57"
"PN A66   70"	"PN A66   70"	307.88836479172	-7.08834303071	"PN"	"PN A66   70"
"PN A66   70"	"PN A66   70"	307.88836479172	-7.08834303071	"PN"	"PN ARO  351"
"PN A66   70"	"PN A66   70"	307.88836479172	-7.08834303071	"PN"	"PN G038.1-25.4"
"PN A66   70"	"PN A66   70"	307.88836479172	-7.08834303071	"PN"	"PN VV'  536"
"PN A66   70"	"PN A66   70"	307.88836479172	-7.08834303071	"PN"	"PSO J307.8883-07.0883"
"PN A66   70"	"PN A66   70"	307.88836479172	-7.08834303071	"PN"	"SCM 254"
"PN A66   70"	"PN A66   70"	307.88836479172	-7.08834303071	"PN"	"TIC 159406048"
"PN A66   71"	"PN A66   71"	308.09673333333336	47.34733611111111	"PN"	"CSI+47-20308"
"PN A66   71"	"PN A66   71"	308.09673333333336	47.34733611111111	"PN"	"DWB 188"
"PN A66   71"	"PN A66   71"	308.09673333333336	47.34733611111111	"PN"	"GAL 084.9+04.6"
"PN A66   71"	"PN A66   71"	308.09673333333336	47.34733611111111	"PN"	"GEN# +6.20056071"
"PN A66   71"	"PN A66   71"	308.09673333333336	47.34733611111111	"PN"	"GSC2 N0302210698"
"PN A66   71"	"PN A66   71"	308.09673333333336	47.34733611111111	"PN"	"GSC2 N030221094047"
"PN A66   71"	"PN A66   71"	308.09673333333336	47.34733611111111	"PN"	"PK 085+04  1"
"PN A66   71"	"PN A66   71"	308.09673333333336	47.34733611111111	"PN"	"PN A55   58"
"PN A66   71"	"PN A66   71"	308.09673333333336	47.34733611111111	"PN"	"PN A66   71"
"PN A66   71"	"PN A66   71"	308.09673333333336	47.34733611111111	"PN"	"PN ARO  352"
"PN A66   71"	"PN A66   71"	308.09673333333336	47.34733611111111	"PN"	"PN G084.9+04.4"
"PN A66   71"	"PN A66   71"	308.09673333333336	47.34733611111111	"PN"	"PN VV'  537"
"PN A66   71"	"PN A66   71"	308.09673333333336	47.34733611111111	"PN"	"SH  2-116"
"PN A66   71"	"PN A66   71"	308.09673333333336	47.34733611111111	"PN"	"UBV   17830"
"PN A66   71"	"PN A66   71"	308.09673333333336	47.34733611111111	"PN"	"UBV M  44678"
"PN A66   72"	"PN A66   72"	312.50855126813	13.558201504869999	"PN"	"2MASS J20500204+1333295"
"PN A66   72"	"PN A66   72"	312.50855126813	13.558201504869999	"PN"	"CSI+13-20477"
"PN A66   72"	"PN A66   72"	312.50855126813	13.558201504869999	"PN"	"Gaia DR2 1761341417799128320"
"PN A66   72"	"PN A66   72"	312.50855126813	13.558201504869999	"PN"	"Gaia DR3 1761341417799128320"
"PN A66   72"	"PN A66   72"	312.50855126813	13.558201504869999	"PN"	"GALEX J205001.9+133328"
"PN A66   72"	"PN A66   72"	312.50855126813	13.558201504869999	"PN"	"GALEX J205002.0+133329"
"PN A66   72"	"PN A66   72"	312.50855126813	13.558201504869999	"PN"	"GALEX J205002.1+133330"
"PN A66   72"	"PN A66   72"	312.50855126813	13.558201504869999	"PN"	"GEN# +6.20056072"
"PN A66   72"	"PN A66   72"	312.50855126813	13.558201504869999	"PN"	"GSC2 N031311328503"
"PN A66   72"	"PN A66   72"	312.50855126813	13.558201504869999	"PN"	"IRAS 20476+1322"
"PN A66   72"	"PN A66   72"	312.50855126813	13.558201504869999	"PN"	"IRAS F20476+1322"
"PN A66   72"	"PN A66   72"	312.50855126813	13.558201504869999	"PN"	"PK 059-18  1"
"PN A66   72"	"PN A66   72"	312.50855126813	13.558201504869999	"PN"	"PN A55   59"
"PN A66   72"	"PN A66   72"	312.50855126813	13.558201504869999	"PN"	"PN A66   72"
"PN A66   72"	"PN A66   72"	312.50855126813	13.558201504869999	"PN"	"PN ARO  173"
"PN A66   72"	"PN A66   72"	312.50855126813	13.558201504869999	"PN"	"PN G059.7-18.7"
"PN A66   72"	"PN A66   72"	312.50855126813	13.558201504869999	"PN"	"PN VV'  538"
"PN A66   72"	"PN A66   72"	312.50855126813	13.558201504869999	"PN"	"PSCz P20476+1322"
"PN A66   72"	"PN A66   72"	312.50855126813	13.558201504869999	"PN"	"TIC 291153543"
"PN A66   72"	"PN A66   72"	312.50855126813	13.558201504869999	"PN"	"UBV   18031"
"PN A66   72"	"PN A66   72"	312.50855126813	13.558201504869999	"PN"	"UBV M  44679"
"PN A66   73"	"PN A66   73"	314.11263333333335	57.43418055555555	"PN"	"GSC2 N013003119484"
"PN A66   73"	"PN A66   73"	314.11263333333335	57.43418055555555	"PN"	"IRAS 20551+5714"
"PN A66   73"	"PN A66   73"	314.11263333333335	57.43418055555555	"PN"	"PK 095+07  1"
"PN A66   73"	"PN A66   73"	314.11263333333335	57.43418055555555	"PN"	"PN A55   60"
"PN A66   73"	"PN A66   73"	314.11263333333335	57.43418055555555	"PN"	"PN A66   73"
"PN A66   73"	"PN A66   73"	314.11263333333335	57.43418055555555	"PN"	"PN ARO  356"
"PN A66   73"	"PN A66   73"	314.11263333333335	57.43418055555555	"PN"	"PN G095.2+07.8"
"PN A66   73"	"PN A66   73"	314.11263333333335	57.43418055555555	"PN"	"PN VV'  539"
"PN A66   74"	"PN A66   74"	319.2180885512199	24.1475264752	"PN"	"1SWASP J211652.86+241214.9"
"PN A66   74"	"PN A66   74"	319.2180885512199	24.1475264752	"PN"	"CSI+23-21146"
"PN A66   74"	"PN A66   74"	319.2180885512199	24.1475264752	"PN"	"FB 176"
"PN A66   74"	"PN A66   74"	319.2180885512199	24.1475264752	"PN"	"Gaia DR2 1840395547924993152"
"PN A66   74"	"PN A66   74"	319.2180885512199	24.1475264752	"PN"	"Gaia DR3 1840395547924993152"
"PN A66   74"	"PN A66   74"	319.2180885512199	24.1475264752	"PN"	"GALEX J211652.2+240851"
"PN A66   74"	"PN A66   74"	319.2180885512199	24.1475264752	"PN"	"GALEX J211652.3+240851"
"PN A66   74"	"PN A66   74"	319.2180885512199	24.1475264752	"PN"	"GEN# +6.20056074"
"PN A66   74"	"PN A66   74"	319.2180885512199	24.1475264752	"PN"	"GSC2 N031113122784"
"PN A66   74"	"PN A66   74"	319.2180885512199	24.1475264752	"PN"	"NSV 13633"
"PN A66   74"	"PN A66   74"	319.2180885512199	24.1475264752	"PN"	"PK 072-17"
"PN A66   74"	"PN A66   74"	319.2180885512199	24.1475264752	"PN"	"PK 072-17  1"
"PN A66   74"	"PN A66   74"	319.2180885512199	24.1475264752	"PN"	"PN A55   61"
"PN A66   74"	"PN A66   74"	319.2180885512199	24.1475264752	"PN"	"PN A66   74"
"PN A66   74"	"PN A66   74"	319.2180885512199	24.1475264752	"PN"	"PN ARO  193"
"PN A66   74"	"PN A66   74"	319.2180885512199	24.1475264752	"PN"	"PN G072.7-17.1"
"PN A66   74"	"PN A66   74"	319.2180885512199	24.1475264752	"PN"	"PN VV'  546"
"PN A66   74"	"PN A66   74"	319.2180885512199	24.1475264752	"PN"	"TIC 1951127516"
"PN A66   74"	"PN A66   74"	319.2180885512199	24.1475264752	"PN"	"UBV   18389"
"PN A66   74"	"PN A66   74"	319.2180885512199	24.1475264752	"PN"	"UBV M  44680"
"PN A66   74"	"PN A66   74"	319.2180885512199	24.1475264752	"PN"	"WD 2114+239"
"PN A66   75"	"NGC  7076"	321.59808333333336	62.892174999999995	"PN"	"GSC2 N013011237283"
"PN A66   75"	"NGC  7076"	321.59808333333336	62.892174999999995	"PN"	"IRAS 21251+6240"
"PN A66   75"	"NGC  7076"	321.59808333333336	62.892174999999995	"PN"	"NGC  7076"
"PN A66   75"	"NGC  7076"	321.59808333333336	62.892174999999995	"PN"	"PK 101+08  1"
"PN A66   75"	"NGC  7076"	321.59808333333336	62.892174999999995	"PN"	"PN A66   75"
"PN A66   75"	"NGC  7076"	321.59808333333336	62.892174999999995	"PN"	"PN ARO  359"
"PN A66   75"	"NGC  7076"	321.59808333333336	62.892174999999995	"PN"	"PN G101.8+08.7"
"PN A66   76"	"IRAS F21274-0301"	322.5158	-2.8081000000000005	"EmG"	"6dFGS gJ213003.8-024833"
"PN A66   76"	"IRAS F21274-0301"	322.5158	-2.8081000000000005	"EmG"	"IRAS F21274-0301"
"PN A66   76"	"IRAS F21274-0301"	322.5158	-2.8081000000000005	"EmG"	"LEDA  188823"
"PN A66   76"	"IRAS F21274-0301"	322.5158	-2.8081000000000005	"EmG"	"PK 050-36  1"
"PN A66   76"	"IRAS F21274-0301"	322.5158	-2.8081000000000005	"EmG"	"PN A55   62"
"PN A66   76"	"IRAS F21274-0301"	322.5158	-2.8081000000000005	"EmG"	"PN A66   76"
"PN A66   76"	"IRAS F21274-0301"	322.5158	-2.8081000000000005	"EmG"	"PN ARO  360"
"PN A66   76"	"IRAS F21274-0301"	322.5158	-2.8081000000000005	"EmG"	"PN VV'  549"
"PN A66   76"	"IRAS F21274-0301"	322.5158	-2.8081000000000005	"EmG"	"WISEA J213003.87-024828.7"
"PN A66   76"	"IRAS F21274-0301"	322.5158	-2.8081000000000005	"EmG"	"WISE J213003.86-024828.8"
"PN A66   77"	"SH  2-128"	323.0412	55.8814	"HII"	"2MASX J21321039+5552423"
"PN A66   77"	"SH  2-128"	323.0412	55.8814	"HII"	"87GB 213035.2+553931"
"PN A66   77"	"SH  2-128"	323.0412	55.8814	"HII"	"[ABB2014] WISE G097.515+03.173"
"PN A66   77"	"SH  2-128"	323.0412	55.8814	"HII"	"[BNM96] 097.524+3.180"
"PN A66   77"	"SH  2-128"	323.0412	55.8814	"HII"	"BWE 2130+5539"
"PN A66   77"	"SH  2-128"	323.0412	55.8814	"HII"	"GAL 097.5+03.2"
"PN A66   77"	"SH  2-128"	323.0412	55.8814	"HII"	"GB6 B2130+5539"
"PN A66   77"	"SH  2-128"	323.0412	55.8814	"HII"	"GSC2 N012203318145"
"PN A66   77"	"SH  2-128"	323.0412	55.8814	"HII"	"IRAS 21306+5540"
"PN A66   77"	"SH  2-128"	323.0412	55.8814	"HII"	"KR  23A"
"PN A66   77"	"SH  2-128"	323.0412	55.8814	"HII"	"LBN 097.56+03.14"
"PN A66   77"	"SH  2-128"	323.0412	55.8814	"HII"	"LBN   443"
"PN A66   77"	"SH  2-128"	323.0412	55.8814	"HII"	"NVSS J213210+555243"
"PN A66   77"	"SH  2-128"	323.0412	55.8814	"HII"	"[PBD2003] G097.5+03.2"
"PN A66   77"	"SH  2-128"	323.0412	55.8814	"HII"	"PK 097+03  1"
"PN A66   77"	"SH  2-128"	323.0412	55.8814	"HII"	"PN A55   63"
"PN A66   77"	"SH  2-128"	323.0412	55.8814	"HII"	"PN A66   77"
"PN A66   77"	"SH  2-128"	323.0412	55.8814	"HII"	"PN ARO  363"
"PN A66   77"	"SH  2-128"	323.0412	55.8814	"HII"	"PN G097.5+03.1"
"PN A66   77"	"SH  2-128"	323.0412	55.8814	"HII"	"PN VV'  551"
"PN A66   77"	"SH  2-128"	323.0412	55.8814	"HII"	"RRF  918"
"PN A66   77"	"SH  2-128"	323.0412	55.8814	"HII"	"SH  2-128"
"PN A66   77"	"SH  2-128"	323.0412	55.8814	"HII"	"TGSSADR J213209.3+555240"
"PN A66   77"	"SH  2-128"	323.0412	55.8814	"HII"	"TXS 2130+556"
"PN A66   77"	"SH  2-128"	323.0412	55.8814	"HII"	"WB 2130+5539"
"PN A66   77"	"SH  2-128"	323.0412	55.8814	"HII"	"WB89   91"
"PN A66   77"	"SH  2-128"	323.0412	55.8814	"HII"	"WN B2130.5+5539"
"PN A66   78"	"PN A66   78"	323.87242344129993	31.695958110030002	"PN"	"2MASS J21352938+3141453"
"PN A66   78"	"PN A66   78"	323.87242344129993	31.695958110030002	"PN"	"CSI+31-21334"
"PN A66   78"	"PN A66   78"	323.87242344129993	31.695958110030002	"PN"	"Gaia DR2 1850685091269441792"
"PN A66   78"	"PN A66   78"	323.87242344129993	31.695958110030002	"PN"	"Gaia DR3 1850685091269441792"
"PN A66   78"	"PN A66   78"	323.87242344129993	31.695958110030002	"PN"	"GEN# +6.20056078"
"PN A66   78"	"PN A66   78"	323.87242344129993	31.695958110030002	"PN"	"GSC2 N0330302117"
"PN A66   78"	"PN A66   78"	323.87242344129993	31.695958110030002	"PN"	"PK 081-14  1"
"PN A66   78"	"PN A66   78"	323.87242344129993	31.695958110030002	"PN"	"PN A55   64"
"PN A66   78"	"PN A66   78"	323.87242344129993	31.695958110030002	"PN"	"PN A66   78"
"PN A66   78"	"PN A66   78"	323.87242344129993	31.695958110030002	"PN"	"PN ARO  174"
"PN A66   78"	"PN A66   78"	323.87242344129993	31.695958110030002	"PN"	"PN G081.2-14.9"
"PN A66   78"	"PN A66   78"	323.87242344129993	31.695958110030002	"PN"	"PN VV'  554"
"PN A66   78"	"PN A66   78"	323.87242344129993	31.695958110030002	"PN"	"TIC 160948979"
"PN A66   78"	"PN A66   78"	323.87242344129993	31.695958110030002	"PN"	"UBV   18570"
"PN A66   78"	"PN A66   78"	323.87242344129993	31.695958110030002	"PN"	"UBV M  44681"
"PN A66   79"	"PN G102.9-02.3"	336.5719476793299	54.82729005508	"PN"	"2MASS J22261727+5449382"
"PN A66   79"	"PN G102.9-02.3"	336.5719476793299	54.82729005508	"PN"	"Gaia DR2 2004936573978252672"
"PN A66   79"	"PN G102.9-02.3"	336.5719476793299	54.82729005508	"PN"	"Gaia DR3 2004936573978252672"
"PN A66   79"	"PN G102.9-02.3"	336.5719476793299	54.82729005508	"PN"	"[GS55] 254"
"PN A66   79"	"PN G102.9-02.3"	336.5719476793299	54.82729005508	"PN"	"GSC2 N012213245424"
"PN A66   79"	"PN G102.9-02.3"	336.5719476793299	54.82729005508	"PN"	"Min 2-73"
"PN A66   79"	"PN G102.9-02.3"	336.5719476793299	54.82729005508	"PN"	"PK 102-02  1"
"PN A66   79"	"PN G102.9-02.3"	336.5719476793299	54.82729005508	"PN"	"PN A55   65"
"PN A66   79"	"PN G102.9-02.3"	336.5719476793299	54.82729005508	"PN"	"PN A66   79"
"PN A66   79"	"PN G102.9-02.3"	336.5719476793299	54.82729005508	"PN"	"PN ARO  372"
"PN A66   79"	"PN G102.9-02.3"	336.5719476793299	54.82729005508	"PN"	"PN G102.9-02.3"
"PN A66   79"	"PN G102.9-02.3"	336.5719476793299	54.82729005508	"PN"	"PN VV'  562"
"PN A66   79"	"PN G102.9-02.3"	336.5719476793299	54.82729005508	"PN"	"TIC 413445333"
"PN A66    8"	"PN A66    8"	76.66007749112	39.13574117967999	"PN"	"Gaia DR2 188439147494309632"
"PN A66    8"	"PN A66    8"	76.66007749112	39.13574117967999	"PN"	"Gaia DR3 188439147494309632"
"PN A66    8"	"PN A66    8"	76.66007749112	39.13574117967999	"PN"	"GSC2 N332023328629"
"PN A66    8"	"PN A66    8"	76.66007749112	39.13574117967999	"PN"	"PK 167-00  1"
"PN A66    8"	"PN A66    8"	76.66007749112	39.13574117967999	"PN"	"PN A55    7"
"PN A66    8"	"PN A66    8"	76.66007749112	39.13574117967999	"PN"	"PN A66    8"
"PN A66    8"	"PN A66    8"	76.66007749112	39.13574117967999	"PN"	"PN ARO  216"
"PN A66    8"	"PN A66    8"	76.66007749112	39.13574117967999	"PN"	"PN G167.0-00.9"
"PN A66    8"	"PN A66    8"	76.66007749112	39.13574117967999	"PN"	"PN VV'   28"
"PN A66   80"	"PN A66   80"	338.69003189956	52.4349527839	"PN"	"Gaia DR2 2002155050070646912"
"PN A66   80"	"PN A66   80"	338.69003189956	52.4349527839	"PN"	"Gaia DR3 2002155050070646912"
"PN A66   80"	"PN A66   80"	338.69003189956	52.4349527839	"PN"	"GALEX J223445.3+522606"
"PN A66   80"	"PN A66   80"	338.69003189956	52.4349527839	"PN"	"GALEX J223445.5+522605"
"PN A66   80"	"PN A66   80"	338.69003189956	52.4349527839	"PN"	"GSC2 N012210065887"
"PN A66   80"	"PN A66   80"	338.69003189956	52.4349527839	"PN"	"PK 102-05  1"
"PN A66   80"	"PN A66   80"	338.69003189956	52.4349527839	"PN"	"PN A55   66"
"PN A66   80"	"PN A66   80"	338.69003189956	52.4349527839	"PN"	"PN A66   80"
"PN A66   80"	"PN A66   80"	338.69003189956	52.4349527839	"PN"	"PN ARO  375"
"PN A66   80"	"PN A66   80"	338.69003189956	52.4349527839	"PN"	"PN G102.8-05.0"
"PN A66   80"	"PN A66   80"	338.69003189956	52.4349527839	"PN"	"PN VV'  565"
"PN A66   81"	"IC 1454"	340.60257999655	80.44201308472	"PN"	"Gaia DR2 2286089355109979008"
"PN A66   81"	"IC 1454"	340.60257999655	80.44201308472	"PN"	"Gaia DR3 2286089355109979008"
"PN A66   81"	"IC 1454"	340.60257999655	80.44201308472	"PN"	"GSC2 N010313229066"
"PN A66   81"	"IC 1454"	340.60257999655	80.44201308472	"PN"	"IC 1454"
"PN A66   81"	"IC 1454"	340.60257999655	80.44201308472	"PN"	"IRAS 22419+8010"
"PN A66   81"	"IC 1454"	340.60257999655	80.44201308472	"PN"	"PK 117+18  1"
"PN A66   81"	"IC 1454"	340.60257999655	80.44201308472	"PN"	"PN A55   67"
"PN A66   81"	"IC 1454"	340.60257999655	80.44201308472	"PN"	"PN A66   81"
"PN A66   81"	"IC 1454"	340.60257999655	80.44201308472	"PN"	"PN ARO  376"
"PN A66   81"	"IC 1454"	340.60257999655	80.44201308472	"PN"	"PN G117.5+18.9"
"PN A66   81"	"IC 1454"	340.60257999655	80.44201308472	"PN"	"PN VV'  568"
"PN A66   82"	"PN G114.0-04.6"	356.44895873241	57.06623417784	"PN"	"2MASS J23454775+5703584"
"PN A66   82"	"PN G114.0-04.6"	356.44895873241	57.06623417784	"PN"	"Gaia DR2 1998212476247082880"
"PN A66   82"	"PN G114.0-04.6"	356.44895873241	57.06623417784	"PN"	"Gaia DR3 1998212476247082880"
"PN A66   82"	"PN G114.0-04.6"	356.44895873241	57.06623417784	"PN"	"GSC2 N012320348965"
"PN A66   82"	"PN G114.0-04.6"	356.44895873241	57.06623417784	"PN"	"IRAS 23433+5646"
"PN A66   82"	"PN G114.0-04.6"	356.44895873241	57.06623417784	"PN"	"PK 114-04  1"
"PN A66   82"	"PN G114.0-04.6"	356.44895873241	57.06623417784	"PN"	"PN A55   68"
"PN A66   82"	"PN G114.0-04.6"	356.44895873241	57.06623417784	"PN"	"PN A66   82"
"PN A66   82"	"PN G114.0-04.6"	356.44895873241	57.06623417784	"PN"	"PN ARO  114"
"PN A66   82"	"PN G114.0-04.6"	356.44895873241	57.06623417784	"PN"	"PN G114.0-04.6"
"PN A66   82"	"PN G114.0-04.6"	356.44895873241	57.06623417784	"PN"	"PN VV'  579"
"PN A66   82"	"PN G114.0-04.6"	356.44895873241	57.06623417784	"PN"	"TIC 345702481"
"PN A66   83"	"PN A66   83"	356.6946208333333	54.74380277777778	"PN"	"GALEX J234646.7+544438"
"PN A66   83"	"PN A66   83"	356.6946208333333	54.74380277777778	"PN"	"PK 113-06  1"
"PN A66   83"	"PN A66   83"	356.6946208333333	54.74380277777778	"PN"	"PN A55   69"
"PN A66   83"	"PN A66   83"	356.6946208333333	54.74380277777778	"PN"	"PN A66   83"
"PN A66   83"	"PN A66   83"	356.6946208333333	54.74380277777778	"PN"	"PN ARO  385"
"PN A66   83"	"PN A66   83"	356.6946208333333	54.74380277777778	"PN"	"PN G113.6-06.9"
"PN A66   83"	"PN A66   83"	356.6946208333333	54.74380277777778	"PN"	"PN VV'  580"
"PN A66   84"	"PN A66   84"	356.93355960171994	51.39921165369	"PN"	"CSI+51-23452"
"PN A66   84"	"PN A66   84"	356.93355960171994	51.39921165369	"PN"	"Gaia DR2 1944244047502655232"
"PN A66   84"	"PN A66   84"	356.93355960171994	51.39921165369	"PN"	"Gaia DR3 1944244047502655232"
"PN A66   84"	"PN A66   84"	356.93355960171994	51.39921165369	"PN"	"GALEX J234744.1+512356"
"PN A66   84"	"PN A66   84"	356.93355960171994	51.39921165369	"PN"	"GEN# +6.20056084"
"PN A66   84"	"PN A66   84"	356.93355960171994	51.39921165369	"PN"	"GSC2 N012032330694"
"PN A66   84"	"PN A66   84"	356.93355960171994	51.39921165369	"PN"	"IRAS 23452+5107"
"PN A66   84"	"PN A66   84"	356.93355960171994	51.39921165369	"PN"	"NVSS J234741+512355"
"PN A66   84"	"PN A66   84"	356.93355960171994	51.39921165369	"PN"	"NVSS J234747+512403"
"PN A66   84"	"PN A66   84"	356.93355960171994	51.39921165369	"PN"	"PK 112-10  1"
"PN A66   84"	"PN A66   84"	356.93355960171994	51.39921165369	"PN"	"PN A55   70"
"PN A66   84"	"PN A66   84"	356.93355960171994	51.39921165369	"PN"	"PN A66   84"
"PN A66   84"	"PN A66   84"	356.93355960171994	51.39921165369	"PN"	"PN ARO  115"
"PN A66   84"	"PN A66   84"	356.93355960171994	51.39921165369	"PN"	"PN G112.9-10.2"
"PN A66   84"	"PN A66   84"	356.93355960171994	51.39921165369	"PN"	"PN VV'  581"
"PN A66   84"	"PN A66   84"	356.93355960171994	51.39921165369	"PN"	"PSCz P23452+5107"
"PN A66   84"	"PN A66   84"	356.93355960171994	51.39921165369	"PN"	"UBV   20433"
"PN A66   84"	"PN A66   84"	356.93355960171994	51.39921165369	"PN"	"UBV M  44682"
"PN A66   84"	"PN A66   84"	356.93355960171994	51.39921165369	"PN"	"USNO-B1.0 1413-00513820"
"PN A66   85"	"CTB 1"	359.8041666666667	62.43666666666666	"SNR"	"AJG 110"
"PN A66   85"	"CTB 1"	359.8041666666667	62.43666666666666	"SNR"	"CTB 1"
"PN A66   85"	"CTB 1"	359.8041666666667	62.43666666666666	"SNR"	"DA 615"
"PN A66   85"	"CTB 1"	359.8041666666667	62.43666666666666	"SNR"	"PN A55   72"
"PN A66   85"	"CTB 1"	359.8041666666667	62.43666666666666	"SNR"	"PN A66   85"
"PN A66   85"	"CTB 1"	359.8041666666667	62.43666666666666	"SNR"	"SNR G116.9+00.1"
"PN A66   85"	"CTB 1"	359.8041666666667	62.43666666666666	"SNR"	"SNR G116.9+00.2"
"PN A66   85"	"CTB 1"	359.8041666666667	62.43666666666666	"SNR"	"SNR G117.3+00.1"
"PN A66   85"	"CTB 1"	359.8041666666667	62.43666666666666	"SNR"	"VRO 62.23.01"
"PN A66   86"	"PN A66   86"	0.37905833333333333	70.7083138888889	"PN"	"PK 118+08  2"
"PN A66   86"	"PN A66   86"	0.37905833333333333	70.7083138888889	"PN"	"PN A55   73"
"PN A66   86"	"PN A66   86"	0.37905833333333333	70.7083138888889	"PN"	"PN A66   86"
"PN A66   86"	"PN A66   86"	0.37905833333333333	70.7083138888889	"PN"	"PN ARO  245"
"PN A66   86"	"PN A66   86"	0.37905833333333333	70.7083138888889	"PN"	"PN G118.7+08.2"
"PN A66   86"	"PN A66   86"	0.37905833333333333	70.7083138888889	"PN"	"PN VV'  584"
"PN A66    9"	"PN A66    9"	82.23625	36.05138888888889	"PN?"	"PK 172+00  1"
"PN A66    9"	"PN A66    9"	82.23625	36.05138888888889	"PN?"	"PN A55    8"
"PN A66    9"	"PN A66    9"	82.23625	36.05138888888889	"PN?"	"PN A66    9"
"PN A66    9"	"PN A66    9"	82.23625	36.05138888888889	"PN?"	"PN ARO  122"
"PN A66    9"	"PN A66    9"	82.23625	36.05138888888889	"PN?"	"PN VV'   31"
